INFO:hf-to-gguf:Loading model: merged-fp16
INFO:numexpr.utils:NumExpr defaulting to 4 threads.
INFO:hf-to-gguf:Model architecture: Qwen3_5ForConditionalGeneration
INFO:hf-to-gguf:gguf: indexing model part 'model.safetensors'
INFO:gguf.gguf_writer:gguf: This GGUF file is for Little Endian only
INFO:hf-to-gguf:Exporting model...
INFO:hf-to-gguf:token_embd.weight,                    torch.float16 --> F16, shape = {2560, 248320}
INFO:hf-to-gguf:blk.0.attn_norm.weight,               torch.float16 --> F32, shape = {2560}
INFO:hf-to-gguf:blk.0.ssm_a,                          torch.float16 --> F32, shape = {32}
INFO:hf-to-gguf:blk.0.ssm_conv1d.weight,              torch.float16 --> F32, shape = {4, 8192}
INFO:hf-to-gguf:blk.0.ssm_dt.bias,                    torch.float16 --> F32, shape = {32}
INFO:hf-to-gguf:blk.0.ssm_alpha.weight,               torch.float16 --> F16, shape = {2560, 32}
INFO:hf-to-gguf:blk.0.ssm_beta.weight,                torch.float16 --> F16, shape = {2560, 32}
INFO:hf-to-gguf:blk.0.attn_qkv.weight,                torch.float16 --> F16, shape = {2560, 8192}
INFO:hf-to-gguf:blk.0.attn_gate.weight,               torch.float16 --> F16, shape = {2560, 4096}
INFO:hf-to-gguf:blk.0.ssm_norm.weight,                torch.float16 --> F32, shape = {128}
INFO:hf-to-gguf:blk.0.ssm_out.weight,                 torch.float16 --> F16, shape = {4096, 2560}
INFO:hf-to-gguf:blk.0.ffn_down.weight,                torch.float16 --> F16, shape = {9216, 2560}
INFO:hf-to-gguf:blk.0.ffn_gate.weight,                torch.float16 --> F16, shape = {2560, 9216}
INFO:hf-to-gguf:blk.0.ffn_up.weight,                  torch.float16 --> F16, shape = {2560, 9216}
INFO:hf-to-gguf:blk.0.post_attention_norm.weight,     torch.float16 --> F32, shape = {2560}
INFO:hf-to-gguf:blk.1.attn_norm.weight,               torch.float16 --> F32, shape = {2560}
INFO:hf-to-gguf:blk.1.ssm_a,                          torch.float16 --> F32, shape = {32}
INFO:hf-to-gguf:blk.1.ssm_conv1d.weight,              torch.float16 --> F32, shape = {4, 8192}
INFO:hf-to-gguf:blk.1.ssm_dt.bias,                    torch.float16 --> F32, shape = {32}
INFO:hf-to-gguf:blk.1.ssm_alpha.weight,               torch.float16 --> F16, shape = {2560, 32}
INFO:hf-to-gguf:blk.1.ssm_beta.weight,                torch.float16 --> F16, shape = {2560, 32}
INFO:hf-to-gguf:blk.1.attn_qkv.weight,                torch.float16 --> F16, shape = {2560, 8192}
INFO:hf-to-gguf:blk.1.attn_gate.weight,               torch.float16 --> F16, shape = {2560, 4096}
INFO:hf-to-gguf:blk.1.ssm_norm.weight,                torch.float16 --> F32, shape = {128}
INFO:hf-to-gguf:blk.1.ssm_out.weight,                 torch.float16 --> F16, shape = {4096, 2560}
INFO:hf-to-gguf:blk.1.ffn_down.weight,                torch.float16 --> F16, shape = {9216, 2560}
INFO:hf-to-gguf:blk.1.ffn_gate.weight,                torch.float16 --> F16, shape = {2560, 9216}
INFO:hf-to-gguf:blk.1.ffn_up.weight,                  torch.float16 --> F16, shape = {2560, 9216}
INFO:hf-to-gguf:blk.1.post_attention_norm.weight,     torch.float16 --> F32, shape = {2560}
INFO:hf-to-gguf:blk.10.attn_norm.weight,              torch.float16 --> F32, shape = {2560}
INFO:hf-to-gguf:blk.10.ssm_a,                         torch.float16 --> F32, shape = {32}
INFO:hf-to-gguf:blk.10.ssm_conv1d.weight,             torch.float16 --> F32, shape = {4, 8192}
INFO:hf-to-gguf:blk.10.ssm_dt.bias,                   torch.float16 --> F32, shape = {32}
INFO:hf-to-gguf:blk.10.ssm_alpha.weight,              torch.float16 --> F16, shape = {2560, 32}
INFO:hf-to-gguf:blk.10.ssm_beta.weight,               torch.float16 --> F16, shape = {2560, 32}
INFO:hf-to-gguf:blk.10.attn_qkv.weight,               torch.float16 --> F16, shape = {2560, 8192}
INFO:hf-to-gguf:blk.10.attn_gate.weight,              torch.float16 --> F16, shape = {2560, 4096}
INFO:hf-to-gguf:blk.10.ssm_norm.weight,               torch.float16 --> F32, shape = {128}
INFO:hf-to-gguf:blk.10.ssm_out.weight,                torch.float16 --> F16, shape = {4096, 2560}
INFO:hf-to-gguf:blk.10.ffn_down.weight,               torch.float16 --> F16, shape = {9216, 2560}
INFO:hf-to-gguf:blk.10.ffn_gate.weight,               torch.float16 --> F16, shape = {2560, 9216}
INFO:hf-to-gguf:blk.10.ffn_up.weight,                 torch.float16 --> F16, shape = {2560, 9216}
INFO:hf-to-gguf:blk.10.post_attention_norm.weight,    torch.float16 --> F32, shape = {2560}
INFO:hf-to-gguf:blk.11.attn_norm.weight,              torch.float16 --> F32, shape = {2560}
INFO:hf-to-gguf:blk.11.ffn_down.weight,               torch.float16 --> F16, shape = {9216, 2560}
INFO:hf-to-gguf:blk.11.ffn_gate.weight,               torch.float16 --> F16, shape = {2560, 9216}
INFO:hf-to-gguf:blk.11.ffn_up.weight,                 torch.float16 --> F16, shape = {2560, 9216}
INFO:hf-to-gguf:blk.11.post_attention_norm.weight,    torch.float16 --> F32, shape = {2560}
INFO:hf-to-gguf:blk.11.attn_k_norm.weight,            torch.float16 --> F32, shape = {256}
INFO:hf-to-gguf:blk.11.attn_k.weight,                 torch.float16 --> F16, shape = {2560, 1024}
INFO:hf-to-gguf:blk.11.attn_output.weight,            torch.float16 --> F16, shape = {4096, 2560}
INFO:hf-to-gguf:blk.11.attn_q_norm.weight,            torch.float16 --> F32, shape = {256}
INFO:hf-to-gguf:blk.11.attn_q.weight,                 torch.float16 --> F16, shape = {2560, 8192}
INFO:hf-to-gguf:blk.11.attn_v.weight,                 torch.float16 --> F16, shape = {2560, 1024}
INFO:hf-to-gguf:blk.12.attn_norm.weight,              torch.float16 --> F32, shape = {2560}
INFO:hf-to-gguf:blk.12.ssm_a,                         torch.float16 --> F32, shape = {32}
INFO:hf-to-gguf:blk.12.ssm_conv1d.weight,             torch.float16 --> F32, shape = {4, 8192}
INFO:hf-to-gguf:blk.12.ssm_dt.bias,                   torch.float16 --> F32, shape = {32}
INFO:hf-to-gguf:blk.12.ssm_alpha.weight,              torch.float16 --> F16, shape = {2560, 32}
INFO:hf-to-gguf:blk.12.ssm_beta.weight,               torch.float16 --> F16, shape = {2560, 32}
INFO:hf-to-gguf:blk.12.attn_qkv.weight,               torch.float16 --> F16, shape = {2560, 8192}
INFO:hf-to-gguf:blk.12.attn_gate.weight,              torch.float16 --> F16, shape = {2560, 4096}
INFO:hf-to-gguf:blk.12.ssm_norm.weight,               torch.float16 --> F32, shape = {128}
INFO:hf-to-gguf:blk.12.ssm_out.weight,                torch.float16 --> F16, shape = {4096, 2560}
INFO:hf-to-gguf:blk.12.ffn_down.weight,               torch.float16 --> F16, shape = {9216, 2560}
INFO:hf-to-gguf:blk.12.ffn_gate.weight,               torch.float16 --> F16, shape = {2560, 9216}
INFO:hf-to-gguf:blk.12.ffn_up.weight,                 torch.float16 --> F16, shape = {2560, 9216}
INFO:hf-to-gguf:blk.12.post_attention_norm.weight,    torch.float16 --> F32, shape = {2560}
INFO:hf-to-gguf:blk.13.attn_norm.weight,              torch.float16 --> F32, shape = {2560}
INFO:hf-to-gguf:blk.13.ssm_a,                         torch.float16 --> F32, shape = {32}
INFO:hf-to-gguf:blk.13.ssm_conv1d.weight,             torch.float16 --> F32, shape = {4, 8192}
INFO:hf-to-gguf:blk.13.ssm_dt.bias,                   torch.float16 --> F32, shape = {32}
INFO:hf-to-gguf:blk.13.ssm_alpha.weight,              torch.float16 --> F16, shape = {2560, 32}
INFO:hf-to-gguf:blk.13.ssm_beta.weight,               torch.float16 --> F16, shape = {2560, 32}
INFO:hf-to-gguf:blk.13.attn_qkv.weight,               torch.float16 --> F16, shape = {2560, 8192}
INFO:hf-to-gguf:blk.13.attn_gate.weight,              torch.float16 --> F16, shape = {2560, 4096}
INFO:hf-to-gguf:blk.13.ssm_norm.weight,               torch.float16 --> F32, shape = {128}
INFO:hf-to-gguf:blk.13.ssm_out.weight,                torch.float16 --> F16, shape = {4096, 2560}
INFO:hf-to-gguf:blk.13.ffn_down.weight,               torch.float16 --> F16, shape = {9216, 2560}
INFO:hf-to-gguf:blk.13.ffn_gate.weight,               torch.float16 --> F16, shape = {2560, 9216}
INFO:hf-to-gguf:blk.13.ffn_up.weight,                 torch.float16 --> F16, shape = {2560, 9216}
INFO:hf-to-gguf:blk.13.post_attention_norm.weight,    torch.float16 --> F32, shape = {2560}
INFO:hf-to-gguf:blk.14.attn_norm.weight,              torch.float16 --> F32, shape = {2560}
INFO:hf-to-gguf:blk.14.ssm_a,                         torch.float16 --> F32, shape = {32}
INFO:hf-to-gguf:blk.14.ssm_conv1d.weight,             torch.float16 --> F32, shape = {4, 8192}
INFO:hf-to-gguf:blk.14.ssm_dt.bias,                   torch.float16 --> F32, shape = {32}
INFO:hf-to-gguf:blk.14.ssm_alpha.weight,              torch.float16 --> F16, shape = {2560, 32}
INFO:hf-to-gguf:blk.14.ssm_beta.weight,               torch.float16 --> F16, shape = {2560, 32}
INFO:hf-to-gguf:blk.14.attn_qkv.weight,               torch.float16 --> F16, shape = {2560, 8192}
INFO:hf-to-gguf:blk.14.attn_gate.weight,              torch.float16 --> F16, shape = {2560, 4096}
INFO:hf-to-gguf:blk.14.ssm_norm.weight,               torch.float16 --> F32, shape = {128}
INFO:hf-to-gguf:blk.14.ssm_out.weight,                torch.float16 --> F16, shape = {4096, 2560}
INFO:hf-to-gguf:blk.14.ffn_down.weight,               torch.float16 --> F16, shape = {9216, 2560}
INFO:hf-to-gguf:blk.14.ffn_gate.weight,               torch.float16 --> F16, shape = {2560, 9216}
INFO:hf-to-gguf:blk.14.ffn_up.weight,                 torch.float16 --> F16, shape = {2560, 9216}
INFO:hf-to-gguf:blk.14.post_attention_norm.weight,    torch.float16 --> F32, shape = {2560}
INFO:hf-to-gguf:blk.15.attn_norm.weight,              torch.float16 --> F32, shape = {2560}
INFO:hf-to-gguf:blk.15.ffn_down.weight,               torch.float16 --> F16, shape = {9216, 2560}
INFO:hf-to-gguf:blk.15.ffn_gate.weight,               torch.float16 --> F16, shape = {2560, 9216}
INFO:hf-to-gguf:blk.15.ffn_up.weight,                 torch.float16 --> F16, shape = {2560, 9216}
INFO:hf-to-gguf:blk.15.post_attention_norm.weight,    torch.float16 --> F32, shape = {2560}
INFO:hf-to-gguf:blk.15.attn_k_norm.weight,            torch.float16 --> F32, shape = {256}
INFO:hf-to-gguf:blk.15.attn_k.weight,                 torch.float16 --> F16, shape = {2560, 1024}
INFO:hf-to-gguf:blk.15.attn_output.weight,            torch.float16 --> F16, shape = {4096, 2560}
INFO:hf-to-gguf:blk.15.attn_q_norm.weight,            torch.float16 --> F32, shape = {256}
INFO:hf-to-gguf:blk.15.attn_q.weight,                 torch.float16 --> F16, shape = {2560, 8192}
INFO:hf-to-gguf:blk.15.attn_v.weight,                 torch.float16 --> F16, shape = {2560, 1024}
INFO:hf-to-gguf:blk.16.attn_norm.weight,              torch.float16 --> F32, shape = {2560}
INFO:hf-to-gguf:blk.16.ssm_a,                         torch.float16 --> F32, shape = {32}
INFO:hf-to-gguf:blk.16.ssm_conv1d.weight,             torch.float16 --> F32, shape = {4, 8192}
INFO:hf-to-gguf:blk.16.ssm_dt.bias,                   torch.float16 --> F32, shape = {32}
INFO:hf-to-gguf:blk.16.ssm_alpha.weight,              torch.float16 --> F16, shape = {2560, 32}
INFO:hf-to-gguf:blk.16.ssm_beta.weight,               torch.float16 --> F16, shape = {2560, 32}
INFO:hf-to-gguf:blk.16.attn_qkv.weight,               torch.float16 --> F16, shape = {2560, 8192}
INFO:hf-to-gguf:blk.16.attn_gate.weight,              torch.float16 --> F16, shape = {2560, 4096}
INFO:hf-to-gguf:blk.16.ssm_norm.weight,               torch.float16 --> F32, shape = {128}
INFO:hf-to-gguf:blk.16.ssm_out.weight,                torch.float16 --> F16, shape = {4096, 2560}
INFO:hf-to-gguf:blk.16.ffn_down.weight,               torch.float16 --> F16, shape = {9216, 2560}
INFO:hf-to-gguf:blk.16.ffn_gate.weight,               torch.float16 --> F16, shape = {2560, 9216}
INFO:hf-to-gguf:blk.16.ffn_up.weight,                 torch.float16 --> F16, shape = {2560, 9216}
INFO:hf-to-gguf:blk.16.post_attention_norm.weight,    torch.float16 --> F32, shape = {2560}
INFO:hf-to-gguf:blk.17.attn_norm.weight,              torch.float16 --> F32, shape = {2560}
INFO:hf-to-gguf:blk.17.ssm_a,                         torch.float16 --> F32, shape = {32}
INFO:hf-to-gguf:blk.17.ssm_conv1d.weight,             torch.float16 --> F32, shape = {4, 8192}
INFO:hf-to-gguf:blk.17.ssm_dt.bias,                   torch.float16 --> F32, shape = {32}
INFO:hf-to-gguf:blk.17.ssm_alpha.weight,              torch.float16 --> F16, shape = {2560, 32}
INFO:hf-to-gguf:blk.17.ssm_beta.weight,               torch.float16 --> F16, shape = {2560, 32}
INFO:hf-to-gguf:blk.17.attn_qkv.weight,               torch.float16 --> F16, shape = {2560, 8192}
INFO:hf-to-gguf:blk.17.attn_gate.weight,              torch.float16 --> F16, shape = {2560, 4096}
INFO:hf-to-gguf:blk.17.ssm_norm.weight,               torch.float16 --> F32, shape = {128}
INFO:hf-to-gguf:blk.17.ssm_out.weight,                torch.float16 --> F16, shape = {4096, 2560}
INFO:hf-to-gguf:blk.17.ffn_down.weight,               torch.float16 --> F16, shape = {9216, 2560}
INFO:hf-to-gguf:blk.17.ffn_gate.weight,               torch.float16 --> F16, shape = {2560, 9216}
INFO:hf-to-gguf:blk.17.ffn_up.weight,                 torch.float16 --> F16, shape = {2560, 9216}
INFO:hf-to-gguf:blk.17.post_attention_norm.weight,    torch.float16 --> F32, shape = {2560}
INFO:hf-to-gguf:blk.18.attn_norm.weight,              torch.float16 --> F32, shape = {2560}
INFO:hf-to-gguf:blk.18.ssm_a,                         torch.float16 --> F32, shape = {32}
INFO:hf-to-gguf:blk.18.ssm_conv1d.weight,             torch.float16 --> F32, shape = {4, 8192}
INFO:hf-to-gguf:blk.18.ssm_dt.bias,                   torch.float16 --> F32, shape = {32}
INFO:hf-to-gguf:blk.18.ssm_alpha.weight,              torch.float16 --> F16, shape = {2560, 32}
INFO:hf-to-gguf:blk.18.ssm_beta.weight,               torch.float16 --> F16, shape = {2560, 32}
INFO:hf-to-gguf:blk.18.attn_qkv.weight,               torch.float16 --> F16, shape = {2560, 8192}
INFO:hf-to-gguf:blk.18.attn_gate.weight,              torch.float16 --> F16, shape = {2560, 4096}
INFO:hf-to-gguf:blk.18.ssm_norm.weight,               torch.float16 --> F32, shape = {128}
INFO:hf-to-gguf:blk.18.ssm_out.weight,                torch.float16 --> F16, shape = {4096, 2560}
INFO:hf-to-gguf:blk.18.ffn_down.weight,               torch.float16 --> F16, shape = {9216, 2560}
INFO:hf-to-gguf:blk.18.ffn_gate.weight,               torch.float16 --> F16, shape = {2560, 9216}
INFO:hf-to-gguf:blk.18.ffn_up.weight,                 torch.float16 --> F16, shape = {2560, 9216}
INFO:hf-to-gguf:blk.18.post_attention_norm.weight,    torch.float16 --> F32, shape = {2560}
INFO:hf-to-gguf:blk.19.attn_norm.weight,              torch.float16 --> F32, shape = {2560}
INFO:hf-to-gguf:blk.19.ffn_down.weight,               torch.float16 --> F16, shape = {9216, 2560}
INFO:hf-to-gguf:blk.19.ffn_gate.weight,               torch.float16 --> F16, shape = {2560, 9216}
INFO:hf-to-gguf:blk.19.ffn_up.weight,                 torch.float16 --> F16, shape = {2560, 9216}
INFO:hf-to-gguf:blk.19.post_attention_norm.weight,    torch.float16 --> F32, shape = {2560}
INFO:hf-to-gguf:blk.19.attn_k_norm.weight,            torch.float16 --> F32, shape = {256}
INFO:hf-to-gguf:blk.19.attn_k.weight,                 torch.float16 --> F16, shape = {2560, 1024}
INFO:hf-to-gguf:blk.19.attn_output.weight,            torch.float16 --> F16, shape = {4096, 2560}
INFO:hf-to-gguf:blk.19.attn_q_norm.weight,            torch.float16 --> F32, shape = {256}
INFO:hf-to-gguf:blk.19.attn_q.weight,                 torch.float16 --> F16, shape = {2560, 8192}
INFO:hf-to-gguf:blk.19.attn_v.weight,                 torch.float16 --> F16, shape = {2560, 1024}
INFO:hf-to-gguf:blk.2.attn_norm.weight,               torch.float16 --> F32, shape = {2560}
INFO:hf-to-gguf:blk.2.ssm_a,                          torch.float16 --> F32, shape = {32}
INFO:hf-to-gguf:blk.2.ssm_conv1d.weight,              torch.float16 --> F32, shape = {4, 8192}
INFO:hf-to-gguf:blk.2.ssm_dt.bias,                    torch.float16 --> F32, shape = {32}
INFO:hf-to-gguf:blk.2.ssm_alpha.weight,               torch.float16 --> F16, shape = {2560, 32}
INFO:hf-to-gguf:blk.2.ssm_beta.weight,                torch.float16 --> F16, shape = {2560, 32}
INFO:hf-to-gguf:blk.2.attn_qkv.weight,                torch.float16 --> F16, shape = {2560, 8192}
INFO:hf-to-gguf:blk.2.attn_gate.weight,               torch.float16 --> F16, shape = {2560, 4096}
INFO:hf-to-gguf:blk.2.ssm_norm.weight,                torch.float16 --> F32, shape = {128}
INFO:hf-to-gguf:blk.2.ssm_out.weight,                 torch.float16 --> F16, shape = {4096, 2560}
INFO:hf-to-gguf:blk.2.ffn_down.weight,                torch.float16 --> F16, shape = {9216, 2560}
INFO:hf-to-gguf:blk.2.ffn_gate.weight,                torch.float16 --> F16, shape = {2560, 9216}
INFO:hf-to-gguf:blk.2.ffn_up.weight,                  torch.float16 --> F16, shape = {2560, 9216}
INFO:hf-to-gguf:blk.2.post_attention_norm.weight,     torch.float16 --> F32, shape = {2560}
INFO:hf-to-gguf:blk.20.attn_norm.weight,              torch.float16 --> F32, shape = {2560}
INFO:hf-to-gguf:blk.20.ssm_a,                         torch.float16 --> F32, shape = {32}
INFO:hf-to-gguf:blk.20.ssm_conv1d.weight,             torch.float16 --> F32, shape = {4, 8192}
INFO:hf-to-gguf:blk.20.ssm_dt.bias,                   torch.float16 --> F32, shape = {32}
INFO:hf-to-gguf:blk.20.ssm_alpha.weight,              torch.float16 --> F16, shape = {2560, 32}
INFO:hf-to-gguf:blk.20.ssm_beta.weight,               torch.float16 --> F16, shape = {2560, 32}
INFO:hf-to-gguf:blk.20.attn_qkv.weight,               torch.float16 --> F16, shape = {2560, 8192}
INFO:hf-to-gguf:blk.20.attn_gate.weight,              torch.float16 --> F16, shape = {2560, 4096}
INFO:hf-to-gguf:blk.20.ssm_norm.weight,               torch.float16 --> F32, shape = {128}
INFO:hf-to-gguf:blk.20.ssm_out.weight,                torch.float16 --> F16, shape = {4096, 2560}
INFO:hf-to-gguf:blk.20.ffn_down.weight,               torch.float16 --> F16, shape = {9216, 2560}
INFO:hf-to-gguf:blk.20.ffn_gate.weight,               torch.float16 --> F16, shape = {2560, 9216}
INFO:hf-to-gguf:blk.20.ffn_up.weight,                 torch.float16 --> F16, shape = {2560, 9216}
INFO:hf-to-gguf:blk.20.post_attention_norm.weight,    torch.float16 --> F32, shape = {2560}
INFO:hf-to-gguf:blk.21.attn_norm.weight,              torch.float16 --> F32, shape = {2560}
INFO:hf-to-gguf:blk.21.ssm_a,                         torch.float16 --> F32, shape = {32}
INFO:hf-to-gguf:blk.21.ssm_conv1d.weight,             torch.float16 --> F32, shape = {4, 8192}
INFO:hf-to-gguf:blk.21.ssm_dt.bias,                   torch.float16 --> F32, shape = {32}
INFO:hf-to-gguf:blk.21.ssm_alpha.weight,              torch.float16 --> F16, shape = {2560, 32}
INFO:hf-to-gguf:blk.21.ssm_beta.weight,               torch.float16 --> F16, shape = {2560, 32}
INFO:hf-to-gguf:blk.21.attn_qkv.weight,               torch.float16 --> F16, shape = {2560, 8192}
INFO:hf-to-gguf:blk.21.attn_gate.weight,              torch.float16 --> F16, shape = {2560, 4096}
INFO:hf-to-gguf:blk.21.ssm_norm.weight,               torch.float16 --> F32, shape = {128}
INFO:hf-to-gguf:blk.21.ssm_out.weight,                torch.float16 --> F16, shape = {4096, 2560}
INFO:hf-to-gguf:blk.21.ffn_down.weight,               torch.float16 --> F16, shape = {9216, 2560}
INFO:hf-to-gguf:blk.21.ffn_gate.weight,               torch.float16 --> F16, shape = {2560, 9216}
INFO:hf-to-gguf:blk.21.ffn_up.weight,                 torch.float16 --> F16, shape = {2560, 9216}
INFO:hf-to-gguf:blk.21.post_attention_norm.weight,    torch.float16 --> F32, shape = {2560}
INFO:hf-to-gguf:blk.22.attn_norm.weight,              torch.float16 --> F32, shape = {2560}
INFO:hf-to-gguf:blk.22.ssm_a,                         torch.float16 --> F32, shape = {32}
INFO:hf-to-gguf:blk.22.ssm_conv1d.weight,             torch.float16 --> F32, shape = {4, 8192}
INFO:hf-to-gguf:blk.22.ssm_dt.bias,                   torch.float16 --> F32, shape = {32}
INFO:hf-to-gguf:blk.22.ssm_alpha.weight,              torch.float16 --> F16, shape = {2560, 32}
INFO:hf-to-gguf:blk.22.ssm_beta.weight,               torch.float16 --> F16, shape = {2560, 32}
INFO:hf-to-gguf:blk.22.attn_qkv.weight,               torch.float16 --> F16, shape = {2560, 8192}
INFO:hf-to-gguf:blk.22.attn_gate.weight,              torch.float16 --> F16, shape = {2560, 4096}
INFO:hf-to-gguf:blk.22.ssm_norm.weight,               torch.float16 --> F32, shape = {128}
INFO:hf-to-gguf:blk.22.ssm_out.weight,                torch.float16 --> F16, shape = {4096, 2560}
INFO:hf-to-gguf:blk.22.ffn_down.weight,               torch.float16 --> F16, shape = {9216, 2560}
INFO:hf-to-gguf:blk.22.ffn_gate.weight,               torch.float16 --> F16, shape = {2560, 9216}
INFO:hf-to-gguf:blk.22.ffn_up.weight,                 torch.float16 --> F16, shape = {2560, 9216}
INFO:hf-to-gguf:blk.22.post_attention_norm.weight,    torch.float16 --> F32, shape = {2560}
INFO:hf-to-gguf:blk.23.attn_norm.weight,              torch.float16 --> F32, shape = {2560}
INFO:hf-to-gguf:blk.23.ffn_down.weight,               torch.float16 --> F16, shape = {9216, 2560}
INFO:hf-to-gguf:blk.23.ffn_gate.weight,               torch.float16 --> F16, shape = {2560, 9216}
INFO:hf-to-gguf:blk.23.ffn_up.weight,                 torch.float16 --> F16, shape = {2560, 9216}
INFO:hf-to-gguf:blk.23.post_attention_norm.weight,    torch.float16 --> F32, shape = {2560}
INFO:hf-to-gguf:blk.23.attn_k_norm.weight,            torch.float16 --> F32, shape = {256}
INFO:hf-to-gguf:blk.23.attn_k.weight,                 torch.float16 --> F16, shape = {2560, 1024}
INFO:hf-to-gguf:blk.23.attn_output.weight,            torch.float16 --> F16, shape = {4096, 2560}
INFO:hf-to-gguf:blk.23.attn_q_norm.weight,            torch.float16 --> F32, shape = {256}
INFO:hf-to-gguf:blk.23.attn_q.weight,                 torch.float16 --> F16, shape = {2560, 8192}
INFO:hf-to-gguf:blk.23.attn_v.weight,                 torch.float16 --> F16, shape = {2560, 1024}
INFO:hf-to-gguf:blk.24.attn_norm.weight,              torch.float16 --> F32, shape = {2560}
INFO:hf-to-gguf:blk.24.ssm_a,                         torch.float16 --> F32, shape = {32}
INFO:hf-to-gguf:blk.24.ssm_conv1d.weight,             torch.float16 --> F32, shape = {4, 8192}
INFO:hf-to-gguf:blk.24.ssm_dt.bias,                   torch.float16 --> F32, shape = {32}
INFO:hf-to-gguf:blk.24.ssm_alpha.weight,              torch.float16 --> F16, shape = {2560, 32}
INFO:hf-to-gguf:blk.24.ssm_beta.weight,               torch.float16 --> F16, shape = {2560, 32}
INFO:hf-to-gguf:blk.24.attn_qkv.weight,               torch.float16 --> F16, shape = {2560, 8192}
INFO:hf-to-gguf:blk.24.attn_gate.weight,              torch.float16 --> F16, shape = {2560, 4096}
INFO:hf-to-gguf:blk.24.ssm_norm.weight,               torch.float16 --> F32, shape = {128}
INFO:hf-to-gguf:blk.24.ssm_out.weight,                torch.float16 --> F16, shape = {4096, 2560}
INFO:hf-to-gguf:blk.24.ffn_down.weight,               torch.float16 --> F16, shape = {9216, 2560}
INFO:hf-to-gguf:blk.24.ffn_gate.weight,               torch.float16 --> F16, shape = {2560, 9216}
INFO:hf-to-gguf:blk.24.ffn_up.weight,                 torch.float16 --> F16, shape = {2560, 9216}
INFO:hf-to-gguf:blk.24.post_attention_norm.weight,    torch.float16 --> F32, shape = {2560}
INFO:hf-to-gguf:blk.25.attn_norm.weight,              torch.float16 --> F32, shape = {2560}
INFO:hf-to-gguf:blk.25.ssm_a,                         torch.float16 --> F32, shape = {32}
INFO:hf-to-gguf:blk.25.ssm_conv1d.weight,             torch.float16 --> F32, shape = {4, 8192}
INFO:hf-to-gguf:blk.25.ssm_dt.bias,                   torch.float16 --> F32, shape = {32}
INFO:hf-to-gguf:blk.25.ssm_alpha.weight,              torch.float16 --> F16, shape = {2560, 32}
INFO:hf-to-gguf:blk.25.ssm_beta.weight,               torch.float16 --> F16, shape = {2560, 32}
INFO:hf-to-gguf:blk.25.attn_qkv.weight,               torch.float16 --> F16, shape = {2560, 8192}
INFO:hf-to-gguf:blk.25.attn_gate.weight,              torch.float16 --> F16, shape = {2560, 4096}
INFO:hf-to-gguf:blk.25.ssm_norm.weight,               torch.float16 --> F32, shape = {128}
INFO:hf-to-gguf:blk.25.ssm_out.weight,                torch.float16 --> F16, shape = {4096, 2560}
INFO:hf-to-gguf:blk.25.ffn_down.weight,               torch.float16 --> F16, shape = {9216, 2560}
INFO:hf-to-gguf:blk.25.ffn_gate.weight,               torch.float16 --> F16, shape = {2560, 9216}
INFO:hf-to-gguf:blk.25.ffn_up.weight,                 torch.float16 --> F16, shape = {2560, 9216}
INFO:hf-to-gguf:blk.25.post_attention_norm.weight,    torch.float16 --> F32, shape = {2560}
INFO:hf-to-gguf:blk.26.attn_norm.weight,              torch.float16 --> F32, shape = {2560}
INFO:hf-to-gguf:blk.26.ssm_a,                         torch.float16 --> F32, shape = {32}
INFO:hf-to-gguf:blk.26.ssm_conv1d.weight,             torch.float16 --> F32, shape = {4, 8192}
INFO:hf-to-gguf:blk.26.ssm_dt.bias,                   torch.float16 --> F32, shape = {32}
INFO:hf-to-gguf:blk.26.ssm_alpha.weight,              torch.float16 --> F16, shape = {2560, 32}
INFO:hf-to-gguf:blk.26.ssm_beta.weight,               torch.float16 --> F16, shape = {2560, 32}
INFO:hf-to-gguf:blk.26.attn_qkv.weight,               torch.float16 --> F16, shape = {2560, 8192}
INFO:hf-to-gguf:blk.26.attn_gate.weight,              torch.float16 --> F16, shape = {2560, 4096}
INFO:hf-to-gguf:blk.26.ssm_norm.weight,               torch.float16 --> F32, shape = {128}
INFO:hf-to-gguf:blk.26.ssm_out.weight,                torch.float16 --> F16, shape = {4096, 2560}
INFO:hf-to-gguf:blk.26.ffn_down.weight,               torch.float16 --> F16, shape = {9216, 2560}
INFO:hf-to-gguf:blk.26.ffn_gate.weight,               torch.float16 --> F16, shape = {2560, 9216}
INFO:hf-to-gguf:blk.26.ffn_up.weight,                 torch.float16 --> F16, shape = {2560, 9216}
INFO:hf-to-gguf:blk.26.post_attention_norm.weight,    torch.float16 --> F32, shape = {2560}
INFO:hf-to-gguf:blk.27.attn_norm.weight,              torch.float16 --> F32, shape = {2560}
INFO:hf-to-gguf:blk.27.ffn_down.weight,               torch.float16 --> F16, shape = {9216, 2560}
INFO:hf-to-gguf:blk.27.ffn_gate.weight,               torch.float16 --> F16, shape = {2560, 9216}
INFO:hf-to-gguf:blk.27.ffn_up.weight,                 torch.float16 --> F16, shape = {2560, 9216}
INFO:hf-to-gguf:blk.27.post_attention_norm.weight,    torch.float16 --> F32, shape = {2560}
INFO:hf-to-gguf:blk.27.attn_k_norm.weight,            torch.float16 --> F32, shape = {256}
INFO:hf-to-gguf:blk.27.attn_k.weight,                 torch.float16 --> F16, shape = {2560, 1024}
INFO:hf-to-gguf:blk.27.attn_output.weight,            torch.float16 --> F16, shape = {4096, 2560}
INFO:hf-to-gguf:blk.27.attn_q_norm.weight,            torch.float16 --> F32, shape = {256}
INFO:hf-to-gguf:blk.27.attn_q.weight,                 torch.float16 --> F16, shape = {2560, 8192}
INFO:hf-to-gguf:blk.27.attn_v.weight,                 torch.float16 --> F16, shape = {2560, 1024}
INFO:hf-to-gguf:blk.28.attn_norm.weight,              torch.float16 --> F32, shape = {2560}
INFO:hf-to-gguf:blk.28.ssm_a,                         torch.float16 --> F32, shape = {32}
INFO:hf-to-gguf:blk.28.ssm_conv1d.weight,             torch.float16 --> F32, shape = {4, 8192}
INFO:hf-to-gguf:blk.28.ssm_dt.bias,                   torch.float16 --> F32, shape = {32}
INFO:hf-to-gguf:blk.28.ssm_alpha.weight,              torch.float16 --> F16, shape = {2560, 32}
INFO:hf-to-gguf:blk.28.ssm_beta.weight,               torch.float16 --> F16, shape = {2560, 32}
INFO:hf-to-gguf:blk.28.attn_qkv.weight,               torch.float16 --> F16, shape = {2560, 8192}
INFO:hf-to-gguf:blk.28.attn_gate.weight,              torch.float16 --> F16, shape = {2560, 4096}
INFO:hf-to-gguf:blk.28.ssm_norm.weight,               torch.float16 --> F32, shape = {128}
INFO:hf-to-gguf:blk.28.ssm_out.weight,                torch.float16 --> F16, shape = {4096, 2560}
INFO:hf-to-gguf:blk.28.ffn_down.weight,               torch.float16 --> F16, shape = {9216, 2560}
INFO:hf-to-gguf:blk.28.ffn_gate.weight,               torch.float16 --> F16, shape = {2560, 9216}
INFO:hf-to-gguf:blk.28.ffn_up.weight,                 torch.float16 --> F16, shape = {2560, 9216}
INFO:hf-to-gguf:blk.28.post_attention_norm.weight,    torch.float16 --> F32, shape = {2560}
INFO:hf-to-gguf:blk.29.attn_norm.weight,              torch.float16 --> F32, shape = {2560}
INFO:hf-to-gguf:blk.29.ssm_a,                         torch.float16 --> F32, shape = {32}
INFO:hf-to-gguf:blk.29.ssm_conv1d.weight,             torch.float16 --> F32, shape = {4, 8192}
INFO:hf-to-gguf:blk.29.ssm_dt.bias,                   torch.float16 --> F32, shape = {32}
INFO:hf-to-gguf:blk.29.ssm_alpha.weight,              torch.float16 --> F16, shape = {2560, 32}
INFO:hf-to-gguf:blk.29.ssm_beta.weight,               torch.float16 --> F16, shape = {2560, 32}
INFO:hf-to-gguf:blk.29.attn_qkv.weight,               torch.float16 --> F16, shape = {2560, 8192}
INFO:hf-to-gguf:blk.29.attn_gate.weight,              torch.float16 --> F16, shape = {2560, 4096}
INFO:hf-to-gguf:blk.29.ssm_norm.weight,               torch.float16 --> F32, shape = {128}
INFO:hf-to-gguf:blk.29.ssm_out.weight,                torch.float16 --> F16, shape = {4096, 2560}
INFO:hf-to-gguf:blk.29.ffn_down.weight,               torch.float16 --> F16, shape = {9216, 2560}
INFO:hf-to-gguf:blk.29.ffn_gate.weight,               torch.float16 --> F16, shape = {2560, 9216}
INFO:hf-to-gguf:blk.29.ffn_up.weight,                 torch.float16 --> F16, shape = {2560, 9216}
INFO:hf-to-gguf:blk.29.post_attention_norm.weight,    torch.float16 --> F32, shape = {2560}
INFO:hf-to-gguf:blk.3.attn_norm.weight,               torch.float16 --> F32, shape = {2560}
INFO:hf-to-gguf:blk.3.ffn_down.weight,                torch.float16 --> F16, shape = {9216, 2560}
INFO:hf-to-gguf:blk.3.ffn_gate.weight,                torch.float16 --> F16, shape = {2560, 9216}
INFO:hf-to-gguf:blk.3.ffn_up.weight,                  torch.float16 --> F16, shape = {2560, 9216}
INFO:hf-to-gguf:blk.3.post_attention_norm.weight,     torch.float16 --> F32, shape = {2560}
INFO:hf-to-gguf:blk.3.attn_k_norm.weight,             torch.float16 --> F32, shape = {256}
INFO:hf-to-gguf:blk.3.attn_k.weight,                  torch.float16 --> F16, shape = {2560, 1024}
INFO:hf-to-gguf:blk.3.attn_output.weight,             torch.float16 --> F16, shape = {4096, 2560}
INFO:hf-to-gguf:blk.3.attn_q_norm.weight,             torch.float16 --> F32, shape = {256}
INFO:hf-to-gguf:blk.3.attn_q.weight,                  torch.float16 --> F16, shape = {2560, 8192}
INFO:hf-to-gguf:blk.3.attn_v.weight,                  torch.float16 --> F16, shape = {2560, 1024}
INFO:hf-to-gguf:blk.30.attn_norm.weight,              torch.float16 --> F32, shape = {2560}
INFO:hf-to-gguf:blk.30.ssm_a,                         torch.float16 --> F32, shape = {32}
INFO:hf-to-gguf:blk.30.ssm_conv1d.weight,             torch.float16 --> F32, shape = {4, 8192}
INFO:hf-to-gguf:blk.30.ssm_dt.bias,                   torch.float16 --> F32, shape = {32}
INFO:hf-to-gguf:blk.30.ssm_alpha.weight,              torch.float16 --> F16, shape = {2560, 32}
INFO:hf-to-gguf:blk.30.ssm_beta.weight,               torch.float16 --> F16, shape = {2560, 32}
INFO:hf-to-gguf:blk.30.attn_qkv.weight,               torch.float16 --> F16, shape = {2560, 8192}
INFO:hf-to-gguf:blk.30.attn_gate.weight,              torch.float16 --> F16, shape = {2560, 4096}
INFO:hf-to-gguf:blk.30.ssm_norm.weight,               torch.float16 --> F32, shape = {128}
INFO:hf-to-gguf:blk.30.ssm_out.weight,                torch.float16 --> F16, shape = {4096, 2560}
INFO:hf-to-gguf:blk.30.ffn_down.weight,               torch.float16 --> F16, shape = {9216, 2560}
INFO:hf-to-gguf:blk.30.ffn_gate.weight,               torch.float16 --> F16, shape = {2560, 9216}
INFO:hf-to-gguf:blk.30.ffn_up.weight,                 torch.float16 --> F16, shape = {2560, 9216}
INFO:hf-to-gguf:blk.30.post_attention_norm.weight,    torch.float16 --> F32, shape = {2560}
INFO:hf-to-gguf:blk.31.attn_norm.weight,              torch.float16 --> F32, shape = {2560}
INFO:hf-to-gguf:blk.31.ffn_down.weight,               torch.float16 --> F16, shape = {9216, 2560}
INFO:hf-to-gguf:blk.31.ffn_gate.weight,               torch.float16 --> F16, shape = {2560, 9216}
INFO:hf-to-gguf:blk.31.ffn_up.weight,                 torch.float16 --> F16, shape = {2560, 9216}
INFO:hf-to-gguf:blk.31.post_attention_norm.weight,    torch.float16 --> F32, shape = {2560}
INFO:hf-to-gguf:blk.31.attn_k_norm.weight,            torch.float16 --> F32, shape = {256}
INFO:hf-to-gguf:blk.31.attn_k.weight,                 torch.float16 --> F16, shape = {2560, 1024}
INFO:hf-to-gguf:blk.31.attn_output.weight,            torch.float16 --> F16, shape = {4096, 2560}
INFO:hf-to-gguf:blk.31.attn_q_norm.weight,            torch.float16 --> F32, shape = {256}
INFO:hf-to-gguf:blk.31.attn_q.weight,                 torch.float16 --> F16, shape = {2560, 8192}
INFO:hf-to-gguf:blk.31.attn_v.weight,                 torch.float16 --> F16, shape = {2560, 1024}
INFO:hf-to-gguf:blk.4.attn_norm.weight,               torch.float16 --> F32, shape = {2560}
INFO:hf-to-gguf:blk.4.ssm_a,                          torch.float16 --> F32, shape = {32}
INFO:hf-to-gguf:blk.4.ssm_conv1d.weight,              torch.float16 --> F32, shape = {4, 8192}
INFO:hf-to-gguf:blk.4.ssm_dt.bias,                    torch.float16 --> F32, shape = {32}
INFO:hf-to-gguf:blk.4.ssm_alpha.weight,               torch.float16 --> F16, shape = {2560, 32}
INFO:hf-to-gguf:blk.4.ssm_beta.weight,                torch.float16 --> F16, shape = {2560, 32}
INFO:hf-to-gguf:blk.4.attn_qkv.weight,                torch.float16 --> F16, shape = {2560, 8192}
INFO:hf-to-gguf:blk.4.attn_gate.weight,               torch.float16 --> F16, shape = {2560, 4096}
INFO:hf-to-gguf:blk.4.ssm_norm.weight,                torch.float16 --> F32, shape = {128}
INFO:hf-to-gguf:blk.4.ssm_out.weight,                 torch.float16 --> F16, shape = {4096, 2560}
INFO:hf-to-gguf:blk.4.ffn_down.weight,                torch.float16 --> F16, shape = {9216, 2560}
INFO:hf-to-gguf:blk.4.ffn_gate.weight,                torch.float16 --> F16, shape = {2560, 9216}
INFO:hf-to-gguf:blk.4.ffn_up.weight,                  torch.float16 --> F16, shape = {2560, 9216}
INFO:hf-to-gguf:blk.4.post_attention_norm.weight,     torch.float16 --> F32, shape = {2560}
INFO:hf-to-gguf:blk.5.attn_norm.weight,               torch.float16 --> F32, shape = {2560}
INFO:hf-to-gguf:blk.5.ssm_a,                          torch.float16 --> F32, shape = {32}
INFO:hf-to-gguf:blk.5.ssm_conv1d.weight,              torch.float16 --> F32, shape = {4, 8192}
INFO:hf-to-gguf:blk.5.ssm_dt.bias,                    torch.float16 --> F32, shape = {32}
INFO:hf-to-gguf:blk.5.ssm_alpha.weight,               torch.float16 --> F16, shape = {2560, 32}
INFO:hf-to-gguf:blk.5.ssm_beta.weight,                torch.float16 --> F16, shape = {2560, 32}
INFO:hf-to-gguf:blk.5.attn_qkv.weight,                torch.float16 --> F16, shape = {2560, 8192}
INFO:hf-to-gguf:blk.5.attn_gate.weight,               torch.float16 --> F16, shape = {2560, 4096}
INFO:hf-to-gguf:blk.5.ssm_norm.weight,                torch.float16 --> F32, shape = {128}
INFO:hf-to-gguf:blk.5.ssm_out.weight,                 torch.float16 --> F16, shape = {4096, 2560}
INFO:hf-to-gguf:blk.5.ffn_down.weight,                torch.float16 --> F16, shape = {9216, 2560}
INFO:hf-to-gguf:blk.5.ffn_gate.weight,                torch.float16 --> F16, shape = {2560, 9216}
INFO:hf-to-gguf:blk.5.ffn_up.weight,                  torch.float16 --> F16, shape = {2560, 9216}
INFO:hf-to-gguf:blk.5.post_attention_norm.weight,     torch.float16 --> F32, shape = {2560}
INFO:hf-to-gguf:blk.6.attn_norm.weight,               torch.float16 --> F32, shape = {2560}
INFO:hf-to-gguf:blk.6.ssm_a,                          torch.float16 --> F32, shape = {32}
INFO:hf-to-gguf:blk.6.ssm_conv1d.weight,              torch.float16 --> F32, shape = {4, 8192}
INFO:hf-to-gguf:blk.6.ssm_dt.bias,                    torch.float16 --> F32, shape = {32}
INFO:hf-to-gguf:blk.6.ssm_alpha.weight,               torch.float16 --> F16, shape = {2560, 32}
INFO:hf-to-gguf:blk.6.ssm_beta.weight,                torch.float16 --> F16, shape = {2560, 32}
INFO:hf-to-gguf:blk.6.attn_qkv.weight,                torch.float16 --> F16, shape = {2560, 8192}
INFO:hf-to-gguf:blk.6.attn_gate.weight,               torch.float16 --> F16, shape = {2560, 4096}
INFO:hf-to-gguf:blk.6.ssm_norm.weight,                torch.float16 --> F32, shape = {128}
INFO:hf-to-gguf:blk.6.ssm_out.weight,                 torch.float16 --> F16, shape = {4096, 2560}
INFO:hf-to-gguf:blk.6.ffn_down.weight,                torch.float16 --> F16, shape = {9216, 2560}
INFO:hf-to-gguf:blk.6.ffn_gate.weight,                torch.float16 --> F16, shape = {2560, 9216}
INFO:hf-to-gguf:blk.6.ffn_up.weight,                  torch.float16 --> F16, shape = {2560, 9216}
INFO:hf-to-gguf:blk.6.post_attention_norm.weight,     torch.float16 --> F32, shape = {2560}
INFO:hf-to-gguf:blk.7.attn_norm.weight,               torch.float16 --> F32, shape = {2560}
INFO:hf-to-gguf:blk.7.ffn_down.weight,                torch.float16 --> F16, shape = {9216, 2560}
INFO:hf-to-gguf:blk.7.ffn_gate.weight,                torch.float16 --> F16, shape = {2560, 9216}
INFO:hf-to-gguf:blk.7.ffn_up.weight,                  torch.float16 --> F16, shape = {2560, 9216}
INFO:hf-to-gguf:blk.7.post_attention_norm.weight,     torch.float16 --> F32, shape = {2560}
INFO:hf-to-gguf:blk.7.attn_k_norm.weight,             torch.float16 --> F32, shape = {256}
INFO:hf-to-gguf:blk.7.attn_k.weight,                  torch.float16 --> F16, shape = {2560, 1024}
INFO:hf-to-gguf:blk.7.attn_output.weight,             torch.float16 --> F16, shape = {4096, 2560}
INFO:hf-to-gguf:blk.7.attn_q_norm.weight,             torch.float16 --> F32, shape = {256}
INFO:hf-to-gguf:blk.7.attn_q.weight,                  torch.float16 --> F16, shape = {2560, 8192}
INFO:hf-to-gguf:blk.7.attn_v.weight,                  torch.float16 --> F16, shape = {2560, 1024}
INFO:hf-to-gguf:blk.8.attn_norm.weight,               torch.float16 --> F32, shape = {2560}
INFO:hf-to-gguf:blk.8.ssm_a,                          torch.float16 --> F32, shape = {32}
INFO:hf-to-gguf:blk.8.ssm_conv1d.weight,              torch.float16 --> F32, shape = {4, 8192}
INFO:hf-to-gguf:blk.8.ssm_dt.bias,                    torch.float16 --> F32, shape = {32}
INFO:hf-to-gguf:blk.8.ssm_alpha.weight,               torch.float16 --> F16, shape = {2560, 32}
INFO:hf-to-gguf:blk.8.ssm_beta.weight,                torch.float16 --> F16, shape = {2560, 32}
INFO:hf-to-gguf:blk.8.attn_qkv.weight,                torch.float16 --> F16, shape = {2560, 8192}
INFO:hf-to-gguf:blk.8.attn_gate.weight,               torch.float16 --> F16, shape = {2560, 4096}
INFO:hf-to-gguf:blk.8.ssm_norm.weight,                torch.float16 --> F32, shape = {128}
INFO:hf-to-gguf:blk.8.ssm_out.weight,                 torch.float16 --> F16, shape = {4096, 2560}
INFO:hf-to-gguf:blk.8.ffn_down.weight,                torch.float16 --> F16, shape = {9216, 2560}
INFO:hf-to-gguf:blk.8.ffn_gate.weight,                torch.float16 --> F16, shape = {2560, 9216}
INFO:hf-to-gguf:blk.8.ffn_up.weight,                  torch.float16 --> F16, shape = {2560, 9216}
INFO:hf-to-gguf:blk.8.post_attention_norm.weight,     torch.float16 --> F32, shape = {2560}
INFO:hf-to-gguf:blk.9.attn_norm.weight,               torch.float16 --> F32, shape = {2560}
INFO:hf-to-gguf:blk.9.ssm_a,                          torch.float16 --> F32, shape = {32}
INFO:hf-to-gguf:blk.9.ssm_conv1d.weight,              torch.float16 --> F32, shape = {4, 8192}
INFO:hf-to-gguf:blk.9.ssm_dt.bias,                    torch.float16 --> F32, shape = {32}
INFO:hf-to-gguf:blk.9.ssm_alpha.weight,               torch.float16 --> F16, shape = {2560, 32}
INFO:hf-to-gguf:blk.9.ssm_beta.weight,                torch.float16 --> F16, shape = {2560, 32}
INFO:hf-to-gguf:blk.9.attn_qkv.weight,                torch.float16 --> F16, shape = {2560, 8192}
INFO:hf-to-gguf:blk.9.attn_gate.weight,               torch.float16 --> F16, shape = {2560, 4096}
INFO:hf-to-gguf:blk.9.ssm_norm.weight,                torch.float16 --> F32, shape = {128}
INFO:hf-to-gguf:blk.9.ssm_out.weight,                 torch.float16 --> F16, shape = {4096, 2560}
INFO:hf-to-gguf:blk.9.ffn_down.weight,                torch.float16 --> F16, shape = {9216, 2560}
INFO:hf-to-gguf:blk.9.ffn_gate.weight,                torch.float16 --> F16, shape = {2560, 9216}
INFO:hf-to-gguf:blk.9.ffn_up.weight,                  torch.float16 --> F16, shape = {2560, 9216}
INFO:hf-to-gguf:blk.9.post_attention_norm.weight,     torch.float16 --> F32, shape = {2560}
INFO:hf-to-gguf:output_norm.weight,                   torch.float16 --> F32, shape = {2560}
INFO:hf-to-gguf:Set meta model
INFO:hf-to-gguf:Set model parameters
INFO:hf-to-gguf:gguf: context length = 262144
INFO:hf-to-gguf:gguf: embedding length = 2560
INFO:hf-to-gguf:gguf: feed forward length = 9216
INFO:hf-to-gguf:gguf: head count = 16
INFO:hf-to-gguf:gguf: key-value head count = 4
WARNING:hf-to-gguf:Unknown RoPE type: default
INFO:hf-to-gguf:gguf: rope scaling type = NONE
INFO:hf-to-gguf:gguf: mrope sections: [11, 11, 10, 0]
INFO:hf-to-gguf:gguf: rope theta = 10000000
INFO:hf-to-gguf:gguf: rms norm epsilon = 1e-06
INFO:hf-to-gguf:gguf: file type = 1
INFO:hf-to-gguf:Set model quantization version
INFO:hf-to-gguf:Set model tokenizer
INFO:gguf.vocab:Adding 247587 merge(s).
INFO:gguf.vocab:Setting special token type eos to 248046
INFO:gguf.vocab:Setting special token type pad to 248044
INFO:gguf.vocab:Setting add_bos_token to False
INFO:gguf.vocab:Setting add_eos_token to False
INFO:gguf.vocab:Setting chat_template to {%- set image_count = namespace(value=0) %}
{%- set video_count = namespace(value=0) %}
{%- macro render_content(content, do_vision_count, is_system_content=false) %}
    {%- if content is string %}
        {{- content }}
    {%- elif content is iterable and content is not mapping %}
        {%- for item in content %}
            {%- if 'image' in item or 'image_url' in item or item.type == 'image' %}
                {%- if is_system_content %}
                    {{- raise_exception('System message cannot contain images.') }}
                {%- endif %}
                {%- if do_vision_count %}
                    {%- set image_count.value = image_count.value + 1 %}
                {%- endif %}
                {%- if add_vision_id %}
                    {{- 'Picture ' ~ image_count.value ~ ': ' }}
                {%- endif %}
                {{- '<|vision_start|><|image_pad|><|vision_end|>' }}
            {%- elif 'video' in item or item.type == 'video' %}
                {%- if is_system_content %}
                    {{- raise_exception('System message cannot contain videos.') }}
                {%- endif %}
                {%- if do_vision_count %}
                    {%- set video_count.value = video_count.value + 1 %}
                {%- endif %}
                {%- if add_vision_id %}
                    {{- 'Video ' ~ video_count.value ~ ': ' }}
                {%- endif %}
                {{- '<|vision_start|><|video_pad|><|vision_end|>' }}
            {%- elif 'text' in item %}
                {{- item.text }}
            {%- else %}
                {{- raise_exception('Unexpected item type in content.') }}
            {%- endif %}
        {%- endfor %}
    {%- elif content is none or content is undefined %}
        {{- '' }}
    {%- else %}
        {{- raise_exception('Unexpected content type.') }}
    {%- endif %}
{%- endmacro %}
{%- if not messages %}
    {{- raise_exception('No messages provided.') }}
{%- endif %}
{%- if tools and tools is iterable and tools is not mapping %}
    {{- '<|im_start|>system\n' }}
    {{- "# Tools\n\nYou have access to the following functions:\n\n<tools>" }}
    {%- for tool in tools %}
        {{- "\n" }}
        {{- tool | tojson }}
    {%- endfor %}
    {{- "\n</tools>" }}
    {{- '\n\nIf you choose to call a function ONLY reply in the following format with NO suffix:\n\n<tool_call>\n<function=example_function_name>\n<parameter=example_parameter_1>\nvalue_1\n</parameter>\n<parameter=example_parameter_2>\nThis is the value for the second parameter\nthat can span\nmultiple lines\n</parameter>\n</function>\n</tool_call>\n\n<IMPORTANT>\nReminder:\n- Function calls MUST follow the specified format: an inner <function=...></function> block must be nested within <tool_call></tool_call> XML tags\n- Required parameters MUST be specified\n- You may provide optional reasoning for your function call in natural language BEFORE the function call, but NOT after\n- If there is no function call available, answer the question like normal with your current knowledge and do not tell the user about function calls\n</IMPORTANT>' }}
    {%- if messages[0].role == 'system' %}
        {%- set content = render_content(messages[0].content, false, true)|trim %}
        {%- if content %}
            {{- '\n\n' + content }}
        {%- endif %}
    {%- endif %}
    {{- '<|im_end|>\n' }}
{%- else %}
    {%- if messages[0].role == 'system' %}
        {%- set content = render_content(messages[0].content, false, true)|trim %}
        {{- '<|im_start|>system\n' + content + '<|im_end|>\n' }}
    {%- endif %}
{%- endif %}
{%- set ns = namespace(multi_step_tool=true, last_query_index=messages|length - 1) %}
{%- for message in messages[::-1] %}
    {%- set index = (messages|length - 1) - loop.index0 %}
    {%- if ns.multi_step_tool and message.role == "user" %}
        {%- set content = render_content(message.content, false)|trim %}
        {%- if not(content.startswith('<tool_response>') and content.endswith('</tool_response>')) %}
            {%- set ns.multi_step_tool = false %}
            {%- set ns.last_query_index = index %}
        {%- endif %}
    {%- endif %}
{%- endfor %}
{%- if ns.multi_step_tool %}
    {{- raise_exception('No user query found in messages.') }}
{%- endif %}
{%- for message in messages %}
    {%- set content = render_content(message.content, true)|trim %}
    {%- if message.role == "system" %}
        {%- if not loop.first %}
            {{- raise_exception('System message must be at the beginning.') }}
        {%- endif %}
    {%- elif message.role == "user" %}
        {{- '<|im_start|>' + message.role + '\n' + content + '<|im_end|>' + '\n' }}
    {%- elif message.role == "assistant" %}
        {%- set reasoning_content = '' %}
        {%- if message.reasoning_content is string %}
            {%- set reasoning_content = message.reasoning_content %}
        {%- else %}
            {%- if '</think>' in content %}
                {%- set reasoning_content = content.split('</think>')[0].rstrip('\n').split('<think>')[-1].lstrip('\n') %}
                {%- set content = content.split('</think>')[-1].lstrip('\n') %}
            {%- endif %}
        {%- endif %}
        {%- set reasoning_content = reasoning_content|trim %}
        {%- if loop.index0 > ns.last_query_index %}
            {{- '<|im_start|>' + message.role + '\n<think>\n' + reasoning_content + '\n</think>\n\n' + content }}
        {%- else %}
            {{- '<|im_start|>' + message.role + '\n' + content }}
        {%- endif %}
        {%- if message.tool_calls and message.tool_calls is iterable and message.tool_calls is not mapping %}
            {%- for tool_call in message.tool_calls %}
                {%- if tool_call.function is defined %}
                    {%- set tool_call = tool_call.function %}
                {%- endif %}
                {%- if loop.first %}
                    {%- if content|trim %}
                        {{- '\n\n<tool_call>\n<function=' + tool_call.name + '>\n' }}
                    {%- else %}
                        {{- '<tool_call>\n<function=' + tool_call.name + '>\n' }}
                    {%- endif %}
                {%- else %}
                    {{- '\n<tool_call>\n<function=' + tool_call.name + '>\n' }}
                {%- endif %}
                {%- if tool_call.arguments is defined %}
                    {%- for args_name, args_value in tool_call.arguments|items %}
                        {{- '<parameter=' + args_name + '>\n' }}
                        {%- set args_value = args_value | tojson | safe if args_value is mapping or (args_value is sequence and args_value is not string) else args_value | string %}
                        {{- args_value }}
                        {{- '\n</parameter>\n' }}
                    {%- endfor %}
                {%- endif %}
                {{- '</function>\n</tool_call>' }}
            {%- endfor %}
        {%- endif %}
        {{- '<|im_end|>\n' }}
    {%- elif message.role == "tool" %}
        {%- if loop.previtem and loop.previtem.role != "tool" %}
            {{- '<|im_start|>user' }}
        {%- endif %}
        {{- '\n<tool_response>\n' }}
        {{- content }}
        {{- '\n</tool_response>' }}
        {%- if not loop.last and loop.nextitem.role != "tool" %}
            {{- '<|im_end|>\n' }}
        {%- elif loop.last %}
            {{- '<|im_end|>\n' }}
        {%- endif %}
    {%- else %}
        {{- raise_exception('Unexpected message role.') }}
    {%- endif %}
{%- endfor %}
{%- if add_generation_prompt %}
    {{- '<|im_start|>assistant\n' }}
    {%- if enable_thinking is defined and enable_thinking is false %}
        {{- '<think>\n\n</think>\n\n' }}
    {%- else %}
        {{- '<think>\n' }}
    {%- endif %}
{%- endif %}
INFO:gguf.gguf_writer:Writing the following files:
INFO:gguf.gguf_writer:artifacts/gguf/model-f16.gguf: n_tensors = 426, total_size = 8.4G

Writing:   0%|          | 0.00/8.41G [00:00<?, ?byte/s]
Writing:  15%|█▌        | 1.27G/8.41G [00:00<00:04, 1.70Gbyte/s]
Writing:  17%|█▋        | 1.45G/8.41G [00:00<00:04, 1.55Gbyte/s]
Writing:  19%|█▉        | 1.63G/8.41G [00:01<00:04, 1.52Gbyte/s]
Writing:  21%|██        | 1.79G/8.41G [00:01<00:04, 1.49Gbyte/s]
Writing:  23%|██▎       | 1.95G/8.41G [00:01<00:04, 1.51Gbyte/s]
Writing:  25%|██▌       | 2.12G/8.41G [00:01<00:04, 1.53Gbyte/s]
Writing:  27%|██▋       | 2.30G/8.41G [00:01<00:03, 1.55Gbyte/s]
Writing:  29%|██▉       | 2.45G/8.41G [00:01<00:04, 1.43Gbyte/s]
Writing:  32%|███▏      | 2.66G/8.41G [00:01<00:03, 1.47Gbyte/s]
Writing:  34%|███▍      | 2.84G/8.41G [00:01<00:03, 1.54Gbyte/s]
Writing:  36%|███▌      | 3.01G/8.41G [00:02<00:03, 1.35Gbyte/s]
Writing:  38%|███▊      | 3.19G/8.41G [00:02<00:05, 982Mbyte/s] 
Writing:  40%|███▉      | 3.33G/8.41G [00:02<00:06, 833Mbyte/s]
Writing:  41%|████      | 3.46G/8.41G [00:06<00:42, 118Mbyte/s]
Writing:  42%|████▏     | 3.57G/8.41G [00:06<00:32, 148Mbyte/s]
Writing:  44%|████▍     | 3.73G/8.41G [00:06<00:22, 208Mbyte/s]
Writing:  46%|████▋     | 3.90G/8.41G [00:06<00:15, 289Mbyte/s]
Writing:  48%|████▊     | 4.03G/8.41G [00:07<00:12, 356Mbyte/s]
Writing:  50%|█████     | 4.22G/8.41G [00:07<00:08, 469Mbyte/s]
Writing:  52%|█████▏    | 4.35G/8.41G [00:07<00:07, 561Mbyte/s]
Writing:  53%|█████▎    | 4.49G/8.41G [00:07<00:06, 618Mbyte/s]
Writing:  55%|█████▌    | 4.63G/8.41G [00:07<00:05, 717Mbyte/s]
Writing:  57%|█████▋    | 4.76G/8.41G [00:07<00:04, 816Mbyte/s]
Writing:  58%|█████▊    | 4.90G/8.41G [00:08<00:05, 616Mbyte/s]
Writing:  59%|█████▉    | 4.99G/8.41G [00:14<00:57, 59.0Mbyte/s]
Writing:  60%|██████    | 5.06G/8.41G [00:25<02:23, 23.4Mbyte/s]
Writing:  62%|██████▏   | 5.20G/8.41G [00:25<01:30, 35.5Mbyte/s]
Writing:  63%|██████▎   | 5.34G/8.41G [00:25<00:58, 52.5Mbyte/s]
Writing:  66%|██████▌   | 5.52G/8.41G [00:25<00:34, 84.1Mbyte/s]
Writing:  67%|██████▋   | 5.65G/8.41G [00:25<00:24, 114Mbyte/s] 
Writing:  69%|██████▉   | 5.84G/8.41G [00:25<00:14, 174Mbyte/s]
Writing:  71%|███████▏  | 6.00G/8.41G [00:25<00:10, 239Mbyte/s]
Writing:  73%|███████▎  | 6.14G/8.41G [00:26<00:07, 308Mbyte/s]
Writing:  75%|███████▍  | 6.27G/8.41G [00:26<00:05, 385Mbyte/s]
Writing:  76%|███████▌  | 6.41G/8.41G [00:26<00:04, 475Mbyte/s]
Writing:  78%|███████▊  | 6.55G/8.41G [00:26<00:03, 532Mbyte/s]
Writing:  79%|███████▉  | 6.67G/8.41G [00:26<00:02, 600Mbyte/s]
Writing:  81%|████████  | 6.81G/8.41G [00:26<00:02, 711Mbyte/s]
Writing:  83%|████████▎ | 6.95G/8.41G [00:26<00:01, 825Mbyte/s]
Writing:  84%|████████▍ | 7.07G/8.41G [00:26<00:01, 880Mbyte/s]
Writing:  86%|████████▌ | 7.20G/8.41G [00:27<00:01, 923Mbyte/s]
Writing:  87%|████████▋ | 7.34G/8.41G [00:27<00:01, 1.00Gbyte/s]
Writing:  89%|████████▉ | 7.52G/8.41G [00:27<00:00, 1.11Gbyte/s]
Writing:  91%|█████████ | 7.65G/8.41G [00:27<00:00, 1.04Gbyte/s]
Writing:  93%|█████████▎| 7.79G/8.41G [00:27<00:00, 907Mbyte/s] 
Writing:  94%|█████████▍| 7.89G/8.41G [00:28<00:01, 341Mbyte/s]
Writing:  95%|█████████▌| 8.00G/8.41G [00:34<00:07, 57.8Mbyte/s]
Writing:  96%|█████████▌| 8.09G/8.41G [00:37<00:06, 50.2Mbyte/s]
Writing:  98%|█████████▊| 8.23G/8.41G [00:37<00:02, 74.4Mbyte/s]
Writing:  99%|█████████▉| 8.37G/8.41G [00:37<00:00, 107Mbyte/s] 
Writing: 100%|██████████| 8.41G/8.41G [00:37<00:00, 223Mbyte/s]
INFO:hf-to-gguf:Model successfully exported to artifacts/gguf/model-f16.gguf
INFO:hf-to-gguf:Loading model: merged-fp16
INFO:numexpr.utils:NumExpr defaulting to 4 threads.
INFO:hf-to-gguf:Model architecture: Qwen3_5ForConditionalGeneration
INFO:hf-to-gguf:gguf: indexing model part 'model.safetensors'
INFO:gguf.gguf_writer:gguf: This GGUF file is for Little Endian only
INFO:hf-to-gguf:Exporting model...
INFO:hf-to-gguf:token_embd.weight,                    torch.float16 --> F16, shape = {2560, 248320}
INFO:hf-to-gguf:blk.0.attn_norm.weight,               torch.float16 --> F32, shape = {2560}
INFO:hf-to-gguf:blk.0.ssm_a,                          torch.float16 --> F32, shape = {32}
INFO:hf-to-gguf:blk.0.ssm_conv1d.weight,              torch.float16 --> F32, shape = {4, 8192}
INFO:hf-to-gguf:blk.0.ssm_dt.bias,                    torch.float16 --> F32, shape = {32}
INFO:hf-to-gguf:blk.0.ssm_alpha.weight,               torch.float16 --> F16, shape = {2560, 32}
INFO:hf-to-gguf:blk.0.ssm_beta.weight,                torch.float16 --> F16, shape = {2560, 32}
INFO:hf-to-gguf:blk.0.attn_qkv.weight,                torch.float16 --> F16, shape = {2560, 8192}
INFO:hf-to-gguf:blk.0.attn_gate.weight,               torch.float16 --> F16, shape = {2560, 4096}
INFO:hf-to-gguf:blk.0.ssm_norm.weight,                torch.float16 --> F32, shape = {128}
INFO:hf-to-gguf:blk.0.ssm_out.weight,                 torch.float16 --> F16, shape = {4096, 2560}
INFO:hf-to-gguf:blk.0.ffn_down.weight,                torch.float16 --> F16, shape = {9216, 2560}
INFO:hf-to-gguf:blk.0.ffn_gate.weight,                torch.float16 --> F16, shape = {2560, 9216}
INFO:hf-to-gguf:blk.0.ffn_up.weight,                  torch.float16 --> F16, shape = {2560, 9216}
INFO:hf-to-gguf:blk.0.post_attention_norm.weight,     torch.float16 --> F32, shape = {2560}
INFO:hf-to-gguf:blk.1.attn_norm.weight,               torch.float16 --> F32, shape = {2560}
INFO:hf-to-gguf:blk.1.ssm_a,                          torch.float16 --> F32, shape = {32}
INFO:hf-to-gguf:blk.1.ssm_conv1d.weight,              torch.float16 --> F32, shape = {4, 8192}
INFO:hf-to-gguf:blk.1.ssm_dt.bias,                    torch.float16 --> F32, shape = {32}
INFO:hf-to-gguf:blk.1.ssm_alpha.weight,               torch.float16 --> F16, shape = {2560, 32}
INFO:hf-to-gguf:blk.1.ssm_beta.weight,                torch.float16 --> F16, shape = {2560, 32}
INFO:hf-to-gguf:blk.1.attn_qkv.weight,                torch.float16 --> F16, shape = {2560, 8192}
INFO:hf-to-gguf:blk.1.attn_gate.weight,               torch.float16 --> F16, shape = {2560, 4096}
INFO:hf-to-gguf:blk.1.ssm_norm.weight,                torch.float16 --> F32, shape = {128}
INFO:hf-to-gguf:blk.1.ssm_out.weight,                 torch.float16 --> F16, shape = {4096, 2560}
INFO:hf-to-gguf:blk.1.ffn_down.weight,                torch.float16 --> F16, shape = {9216, 2560}
INFO:hf-to-gguf:blk.1.ffn_gate.weight,                torch.float16 --> F16, shape = {2560, 9216}
INFO:hf-to-gguf:blk.1.ffn_up.weight,                  torch.float16 --> F16, shape = {2560, 9216}
INFO:hf-to-gguf:blk.1.post_attention_norm.weight,     torch.float16 --> F32, shape = {2560}
INFO:hf-to-gguf:blk.10.attn_norm.weight,              torch.float16 --> F32, shape = {2560}
INFO:hf-to-gguf:blk.10.ssm_a,                         torch.float16 --> F32, shape = {32}
INFO:hf-to-gguf:blk.10.ssm_conv1d.weight,             torch.float16 --> F32, shape = {4, 8192}
INFO:hf-to-gguf:blk.10.ssm_dt.bias,                   torch.float16 --> F32, shape = {32}
INFO:hf-to-gguf:blk.10.ssm_alpha.weight,              torch.float16 --> F16, shape = {2560, 32}
INFO:hf-to-gguf:blk.10.ssm_beta.weight,               torch.float16 --> F16, shape = {2560, 32}
INFO:hf-to-gguf:blk.10.attn_qkv.weight,               torch.float16 --> F16, shape = {2560, 8192}
INFO:hf-to-gguf:blk.10.attn_gate.weight,              torch.float16 --> F16, shape = {2560, 4096}
INFO:hf-to-gguf:blk.10.ssm_norm.weight,               torch.float16 --> F32, shape = {128}
INFO:hf-to-gguf:blk.10.ssm_out.weight,                torch.float16 --> F16, shape = {4096, 2560}
INFO:hf-to-gguf:blk.10.ffn_down.weight,               torch.float16 --> F16, shape = {9216, 2560}
INFO:hf-to-gguf:blk.10.ffn_gate.weight,               torch.float16 --> F16, shape = {2560, 9216}
INFO:hf-to-gguf:blk.10.ffn_up.weight,                 torch.float16 --> F16, shape = {2560, 9216}
INFO:hf-to-gguf:blk.10.post_attention_norm.weight,    torch.float16 --> F32, shape = {2560}
INFO:hf-to-gguf:blk.11.attn_norm.weight,              torch.float16 --> F32, shape = {2560}
INFO:hf-to-gguf:blk.11.ffn_down.weight,               torch.float16 --> F16, shape = {9216, 2560}
INFO:hf-to-gguf:blk.11.ffn_gate.weight,               torch.float16 --> F16, shape = {2560, 9216}
INFO:hf-to-gguf:blk.11.ffn_up.weight,                 torch.float16 --> F16, shape = {2560, 9216}
INFO:hf-to-gguf:blk.11.post_attention_norm.weight,    torch.float16 --> F32, shape = {2560}
INFO:hf-to-gguf:blk.11.attn_k_norm.weight,            torch.float16 --> F32, shape = {256}
INFO:hf-to-gguf:blk.11.attn_k.weight,                 torch.float16 --> F16, shape = {2560, 1024}
INFO:hf-to-gguf:blk.11.attn_output.weight,            torch.float16 --> F16, shape = {4096, 2560}
INFO:hf-to-gguf:blk.11.attn_q_norm.weight,            torch.float16 --> F32, shape = {256}
INFO:hf-to-gguf:blk.11.attn_q.weight,                 torch.float16 --> F16, shape = {2560, 8192}
INFO:hf-to-gguf:blk.11.attn_v.weight,                 torch.float16 --> F16, shape = {2560, 1024}
INFO:hf-to-gguf:blk.12.attn_norm.weight,              torch.float16 --> F32, shape = {2560}
INFO:hf-to-gguf:blk.12.ssm_a,                         torch.float16 --> F32, shape = {32}
INFO:hf-to-gguf:blk.12.ssm_conv1d.weight,             torch.float16 --> F32, shape = {4, 8192}
INFO:hf-to-gguf:blk.12.ssm_dt.bias,                   torch.float16 --> F32, shape = {32}
INFO:hf-to-gguf:blk.12.ssm_alpha.weight,              torch.float16 --> F16, shape = {2560, 32}
INFO:hf-to-gguf:blk.12.ssm_beta.weight,               torch.float16 --> F16, shape = {2560, 32}
INFO:hf-to-gguf:blk.12.attn_qkv.weight,               torch.float16 --> F16, shape = {2560, 8192}
INFO:hf-to-gguf:blk.12.attn_gate.weight,              torch.float16 --> F16, shape = {2560, 4096}
INFO:hf-to-gguf:blk.12.ssm_norm.weight,               torch.float16 --> F32, shape = {128}
INFO:hf-to-gguf:blk.12.ssm_out.weight,                torch.float16 --> F16, shape = {4096, 2560}
INFO:hf-to-gguf:blk.12.ffn_down.weight,               torch.float16 --> F16, shape = {9216, 2560}
INFO:hf-to-gguf:blk.12.ffn_gate.weight,               torch.float16 --> F16, shape = {2560, 9216}
INFO:hf-to-gguf:blk.12.ffn_up.weight,                 torch.float16 --> F16, shape = {2560, 9216}
INFO:hf-to-gguf:blk.12.post_attention_norm.weight,    torch.float16 --> F32, shape = {2560}
INFO:hf-to-gguf:blk.13.attn_norm.weight,              torch.float16 --> F32, shape = {2560}
INFO:hf-to-gguf:blk.13.ssm_a,                         torch.float16 --> F32, shape = {32}
INFO:hf-to-gguf:blk.13.ssm_conv1d.weight,             torch.float16 --> F32, shape = {4, 8192}
INFO:hf-to-gguf:blk.13.ssm_dt.bias,                   torch.float16 --> F32, shape = {32}
INFO:hf-to-gguf:blk.13.ssm_alpha.weight,              torch.float16 --> F16, shape = {2560, 32}
INFO:hf-to-gguf:blk.13.ssm_beta.weight,               torch.float16 --> F16, shape = {2560, 32}
INFO:hf-to-gguf:blk.13.attn_qkv.weight,               torch.float16 --> F16, shape = {2560, 8192}
INFO:hf-to-gguf:blk.13.attn_gate.weight,              torch.float16 --> F16, shape = {2560, 4096}
INFO:hf-to-gguf:blk.13.ssm_norm.weight,               torch.float16 --> F32, shape = {128}
INFO:hf-to-gguf:blk.13.ssm_out.weight,                torch.float16 --> F16, shape = {4096, 2560}
INFO:hf-to-gguf:blk.13.ffn_down.weight,               torch.float16 --> F16, shape = {9216, 2560}
INFO:hf-to-gguf:blk.13.ffn_gate.weight,               torch.float16 --> F16, shape = {2560, 9216}
INFO:hf-to-gguf:blk.13.ffn_up.weight,                 torch.float16 --> F16, shape = {2560, 9216}
INFO:hf-to-gguf:blk.13.post_attention_norm.weight,    torch.float16 --> F32, shape = {2560}
INFO:hf-to-gguf:blk.14.attn_norm.weight,              torch.float16 --> F32, shape = {2560}
INFO:hf-to-gguf:blk.14.ssm_a,                         torch.float16 --> F32, shape = {32}
INFO:hf-to-gguf:blk.14.ssm_conv1d.weight,             torch.float16 --> F32, shape = {4, 8192}
INFO:hf-to-gguf:blk.14.ssm_dt.bias,                   torch.float16 --> F32, shape = {32}
INFO:hf-to-gguf:blk.14.ssm_alpha.weight,              torch.float16 --> F16, shape = {2560, 32}
INFO:hf-to-gguf:blk.14.ssm_beta.weight,               torch.float16 --> F16, shape = {2560, 32}
INFO:hf-to-gguf:blk.14.attn_qkv.weight,               torch.float16 --> F16, shape = {2560, 8192}
INFO:hf-to-gguf:blk.14.attn_gate.weight,              torch.float16 --> F16, shape = {2560, 4096}
INFO:hf-to-gguf:blk.14.ssm_norm.weight,               torch.float16 --> F32, shape = {128}
INFO:hf-to-gguf:blk.14.ssm_out.weight,                torch.float16 --> F16, shape = {4096, 2560}
INFO:hf-to-gguf:blk.14.ffn_down.weight,               torch.float16 --> F16, shape = {9216, 2560}
INFO:hf-to-gguf:blk.14.ffn_gate.weight,               torch.float16 --> F16, shape = {2560, 9216}
INFO:hf-to-gguf:blk.14.ffn_up.weight,                 torch.float16 --> F16, shape = {2560, 9216}
INFO:hf-to-gguf:blk.14.post_attention_norm.weight,    torch.float16 --> F32, shape = {2560}
INFO:hf-to-gguf:blk.15.attn_norm.weight,              torch.float16 --> F32, shape = {2560}
INFO:hf-to-gguf:blk.15.ffn_down.weight,               torch.float16 --> F16, shape = {9216, 2560}
INFO:hf-to-gguf:blk.15.ffn_gate.weight,               torch.float16 --> F16, shape = {2560, 9216}
INFO:hf-to-gguf:blk.15.ffn_up.weight,                 torch.float16 --> F16, shape = {2560, 9216}
INFO:hf-to-gguf:blk.15.post_attention_norm.weight,    torch.float16 --> F32, shape = {2560}
INFO:hf-to-gguf:blk.15.attn_k_norm.weight,            torch.float16 --> F32, shape = {256}
INFO:hf-to-gguf:blk.15.attn_k.weight,                 torch.float16 --> F16, shape = {2560, 1024}
INFO:hf-to-gguf:blk.15.attn_output.weight,            torch.float16 --> F16, shape = {4096, 2560}
INFO:hf-to-gguf:blk.15.attn_q_norm.weight,            torch.float16 --> F32, shape = {256}
INFO:hf-to-gguf:blk.15.attn_q.weight,                 torch.float16 --> F16, shape = {2560, 8192}
INFO:hf-to-gguf:blk.15.attn_v.weight,                 torch.float16 --> F16, shape = {2560, 1024}
INFO:hf-to-gguf:blk.16.attn_norm.weight,              torch.float16 --> F32, shape = {2560}
INFO:hf-to-gguf:blk.16.ssm_a,                         torch.float16 --> F32, shape = {32}
INFO:hf-to-gguf:blk.16.ssm_conv1d.weight,             torch.float16 --> F32, shape = {4, 8192}
INFO:hf-to-gguf:blk.16.ssm_dt.bias,                   torch.float16 --> F32, shape = {32}
INFO:hf-to-gguf:blk.16.ssm_alpha.weight,              torch.float16 --> F16, shape = {2560, 32}
INFO:hf-to-gguf:blk.16.ssm_beta.weight,               torch.float16 --> F16, shape = {2560, 32}
INFO:hf-to-gguf:blk.16.attn_qkv.weight,               torch.float16 --> F16, shape = {2560, 8192}
INFO:hf-to-gguf:blk.16.attn_gate.weight,              torch.float16 --> F16, shape = {2560, 4096}
INFO:hf-to-gguf:blk.16.ssm_norm.weight,               torch.float16 --> F32, shape = {128}
INFO:hf-to-gguf:blk.16.ssm_out.weight,                torch.float16 --> F16, shape = {4096, 2560}
INFO:hf-to-gguf:blk.16.ffn_down.weight,               torch.float16 --> F16, shape = {9216, 2560}
INFO:hf-to-gguf:blk.16.ffn_gate.weight,               torch.float16 --> F16, shape = {2560, 9216}
INFO:hf-to-gguf:blk.16.ffn_up.weight,                 torch.float16 --> F16, shape = {2560, 9216}
INFO:hf-to-gguf:blk.16.post_attention_norm.weight,    torch.float16 --> F32, shape = {2560}
INFO:hf-to-gguf:blk.17.attn_norm.weight,              torch.float16 --> F32, shape = {2560}
INFO:hf-to-gguf:blk.17.ssm_a,                         torch.float16 --> F32, shape = {32}
INFO:hf-to-gguf:blk.17.ssm_conv1d.weight,             torch.float16 --> F32, shape = {4, 8192}
INFO:hf-to-gguf:blk.17.ssm_dt.bias,                   torch.float16 --> F32, shape = {32}
INFO:hf-to-gguf:blk.17.ssm_alpha.weight,              torch.float16 --> F16, shape = {2560, 32}
INFO:hf-to-gguf:blk.17.ssm_beta.weight,               torch.float16 --> F16, shape = {2560, 32}
INFO:hf-to-gguf:blk.17.attn_qkv.weight,               torch.float16 --> F16, shape = {2560, 8192}
INFO:hf-to-gguf:blk.17.attn_gate.weight,              torch.float16 --> F16, shape = {2560, 4096}
INFO:hf-to-gguf:blk.17.ssm_norm.weight,               torch.float16 --> F32, shape = {128}
INFO:hf-to-gguf:blk.17.ssm_out.weight,                torch.float16 --> F16, shape = {4096, 2560}
INFO:hf-to-gguf:blk.17.ffn_down.weight,               torch.float16 --> F16, shape = {9216, 2560}
INFO:hf-to-gguf:blk.17.ffn_gate.weight,               torch.float16 --> F16, shape = {2560, 9216}
INFO:hf-to-gguf:blk.17.ffn_up.weight,                 torch.float16 --> F16, shape = {2560, 9216}
INFO:hf-to-gguf:blk.17.post_attention_norm.weight,    torch.float16 --> F32, shape = {2560}
INFO:hf-to-gguf:blk.18.attn_norm.weight,              torch.float16 --> F32, shape = {2560}
INFO:hf-to-gguf:blk.18.ssm_a,                         torch.float16 --> F32, shape = {32}
INFO:hf-to-gguf:blk.18.ssm_conv1d.weight,             torch.float16 --> F32, shape = {4, 8192}
INFO:hf-to-gguf:blk.18.ssm_dt.bias,                   torch.float16 --> F32, shape = {32}
INFO:hf-to-gguf:blk.18.ssm_alpha.weight,              torch.float16 --> F16, shape = {2560, 32}
INFO:hf-to-gguf:blk.18.ssm_beta.weight,               torch.float16 --> F16, shape = {2560, 32}
INFO:hf-to-gguf:blk.18.attn_qkv.weight,               torch.float16 --> F16, shape = {2560, 8192}
INFO:hf-to-gguf:blk.18.attn_gate.weight,              torch.float16 --> F16, shape = {2560, 4096}
INFO:hf-to-gguf:blk.18.ssm_norm.weight,               torch.float16 --> F32, shape = {128}
INFO:hf-to-gguf:blk.18.ssm_out.weight,                torch.float16 --> F16, shape = {4096, 2560}
INFO:hf-to-gguf:blk.18.ffn_down.weight,               torch.float16 --> F16, shape = {9216, 2560}
INFO:hf-to-gguf:blk.18.ffn_gate.weight,               torch.float16 --> F16, shape = {2560, 9216}
INFO:hf-to-gguf:blk.18.ffn_up.weight,                 torch.float16 --> F16, shape = {2560, 9216}
INFO:hf-to-gguf:blk.18.post_attention_norm.weight,    torch.float16 --> F32, shape = {2560}
INFO:hf-to-gguf:blk.19.attn_norm.weight,              torch.float16 --> F32, shape = {2560}
INFO:hf-to-gguf:blk.19.ffn_down.weight,               torch.float16 --> F16, shape = {9216, 2560}
INFO:hf-to-gguf:blk.19.ffn_gate.weight,               torch.float16 --> F16, shape = {2560, 9216}
INFO:hf-to-gguf:blk.19.ffn_up.weight,                 torch.float16 --> F16, shape = {2560, 9216}
INFO:hf-to-gguf:blk.19.post_attention_norm.weight,    torch.float16 --> F32, shape = {2560}
INFO:hf-to-gguf:blk.19.attn_k_norm.weight,            torch.float16 --> F32, shape = {256}
INFO:hf-to-gguf:blk.19.attn_k.weight,                 torch.float16 --> F16, shape = {2560, 1024}
INFO:hf-to-gguf:blk.19.attn_output.weight,            torch.float16 --> F16, shape = {4096, 2560}
INFO:hf-to-gguf:blk.19.attn_q_norm.weight,            torch.float16 --> F32, shape = {256}
INFO:hf-to-gguf:blk.19.attn_q.weight,                 torch.float16 --> F16, shape = {2560, 8192}
INFO:hf-to-gguf:blk.19.attn_v.weight,                 torch.float16 --> F16, shape = {2560, 1024}
INFO:hf-to-gguf:blk.2.attn_norm.weight,               torch.float16 --> F32, shape = {2560}
INFO:hf-to-gguf:blk.2.ssm_a,                          torch.float16 --> F32, shape = {32}
INFO:hf-to-gguf:blk.2.ssm_conv1d.weight,              torch.float16 --> F32, shape = {4, 8192}
INFO:hf-to-gguf:blk.2.ssm_dt.bias,                    torch.float16 --> F32, shape = {32}
INFO:hf-to-gguf:blk.2.ssm_alpha.weight,               torch.float16 --> F16, shape = {2560, 32}
INFO:hf-to-gguf:blk.2.ssm_beta.weight,                torch.float16 --> F16, shape = {2560, 32}
INFO:hf-to-gguf:blk.2.attn_qkv.weight,                torch.float16 --> F16, shape = {2560, 8192}
INFO:hf-to-gguf:blk.2.attn_gate.weight,               torch.float16 --> F16, shape = {2560, 4096}
INFO:hf-to-gguf:blk.2.ssm_norm.weight,                torch.float16 --> F32, shape = {128}
INFO:hf-to-gguf:blk.2.ssm_out.weight,                 torch.float16 --> F16, shape = {4096, 2560}
INFO:hf-to-gguf:blk.2.ffn_down.weight,                torch.float16 --> F16, shape = {9216, 2560}
INFO:hf-to-gguf:blk.2.ffn_gate.weight,                torch.float16 --> F16, shape = {2560, 9216}
INFO:hf-to-gguf:blk.2.ffn_up.weight,                  torch.float16 --> F16, shape = {2560, 9216}
INFO:hf-to-gguf:blk.2.post_attention_norm.weight,     torch.float16 --> F32, shape = {2560}
INFO:hf-to-gguf:blk.20.attn_norm.weight,              torch.float16 --> F32, shape = {2560}
INFO:hf-to-gguf:blk.20.ssm_a,                         torch.float16 --> F32, shape = {32}
INFO:hf-to-gguf:blk.20.ssm_conv1d.weight,             torch.float16 --> F32, shape = {4, 8192}
INFO:hf-to-gguf:blk.20.ssm_dt.bias,                   torch.float16 --> F32, shape = {32}
INFO:hf-to-gguf:blk.20.ssm_alpha.weight,              torch.float16 --> F16, shape = {2560, 32}
INFO:hf-to-gguf:blk.20.ssm_beta.weight,               torch.float16 --> F16, shape = {2560, 32}
INFO:hf-to-gguf:blk.20.attn_qkv.weight,               torch.float16 --> F16, shape = {2560, 8192}
INFO:hf-to-gguf:blk.20.attn_gate.weight,              torch.float16 --> F16, shape = {2560, 4096}
INFO:hf-to-gguf:blk.20.ssm_norm.weight,               torch.float16 --> F32, shape = {128}
INFO:hf-to-gguf:blk.20.ssm_out.weight,                torch.float16 --> F16, shape = {4096, 2560}
INFO:hf-to-gguf:blk.20.ffn_down.weight,               torch.float16 --> F16, shape = {9216, 2560}
INFO:hf-to-gguf:blk.20.ffn_gate.weight,               torch.float16 --> F16, shape = {2560, 9216}
INFO:hf-to-gguf:blk.20.ffn_up.weight,                 torch.float16 --> F16, shape = {2560, 9216}
INFO:hf-to-gguf:blk.20.post_attention_norm.weight,    torch.float16 --> F32, shape = {2560}
INFO:hf-to-gguf:blk.21.attn_norm.weight,              torch.float16 --> F32, shape = {2560}
INFO:hf-to-gguf:blk.21.ssm_a,                         torch.float16 --> F32, shape = {32}
INFO:hf-to-gguf:blk.21.ssm_conv1d.weight,             torch.float16 --> F32, shape = {4, 8192}
INFO:hf-to-gguf:blk.21.ssm_dt.bias,                   torch.float16 --> F32, shape = {32}
INFO:hf-to-gguf:blk.21.ssm_alpha.weight,              torch.float16 --> F16, shape = {2560, 32}
INFO:hf-to-gguf:blk.21.ssm_beta.weight,               torch.float16 --> F16, shape = {2560, 32}
INFO:hf-to-gguf:blk.21.attn_qkv.weight,               torch.float16 --> F16, shape = {2560, 8192}
INFO:hf-to-gguf:blk.21.attn_gate.weight,              torch.float16 --> F16, shape = {2560, 4096}
INFO:hf-to-gguf:blk.21.ssm_norm.weight,               torch.float16 --> F32, shape = {128}
INFO:hf-to-gguf:blk.21.ssm_out.weight,                torch.float16 --> F16, shape = {4096, 2560}
INFO:hf-to-gguf:blk.21.ffn_down.weight,               torch.float16 --> F16, shape = {9216, 2560}
INFO:hf-to-gguf:blk.21.ffn_gate.weight,               torch.float16 --> F16, shape = {2560, 9216}
INFO:hf-to-gguf:blk.21.ffn_up.weight,                 torch.float16 --> F16, shape = {2560, 9216}
INFO:hf-to-gguf:blk.21.post_attention_norm.weight,    torch.float16 --> F32, shape = {2560}
INFO:hf-to-gguf:blk.22.attn_norm.weight,              torch.float16 --> F32, shape = {2560}
INFO:hf-to-gguf:blk.22.ssm_a,                         torch.float16 --> F32, shape = {32}
INFO:hf-to-gguf:blk.22.ssm_conv1d.weight,             torch.float16 --> F32, shape = {4, 8192}
INFO:hf-to-gguf:blk.22.ssm_dt.bias,                   torch.float16 --> F32, shape = {32}
INFO:hf-to-gguf:blk.22.ssm_alpha.weight,              torch.float16 --> F16, shape = {2560, 32}
INFO:hf-to-gguf:blk.22.ssm_beta.weight,               torch.float16 --> F16, shape = {2560, 32}
INFO:hf-to-gguf:blk.22.attn_qkv.weight,               torch.float16 --> F16, shape = {2560, 8192}
INFO:hf-to-gguf:blk.22.attn_gate.weight,              torch.float16 --> F16, shape = {2560, 4096}
INFO:hf-to-gguf:blk.22.ssm_norm.weight,               torch.float16 --> F32, shape = {128}
INFO:hf-to-gguf:blk.22.ssm_out.weight,                torch.float16 --> F16, shape = {4096, 2560}
INFO:hf-to-gguf:blk.22.ffn_down.weight,               torch.float16 --> F16, shape = {9216, 2560}
INFO:hf-to-gguf:blk.22.ffn_gate.weight,               torch.float16 --> F16, shape = {2560, 9216}
INFO:hf-to-gguf:blk.22.ffn_up.weight,                 torch.float16 --> F16, shape = {2560, 9216}
INFO:hf-to-gguf:blk.22.post_attention_norm.weight,    torch.float16 --> F32, shape = {2560}
INFO:hf-to-gguf:blk.23.attn_norm.weight,              torch.float16 --> F32, shape = {2560}
INFO:hf-to-gguf:blk.23.ffn_down.weight,               torch.float16 --> F16, shape = {9216, 2560}
INFO:hf-to-gguf:blk.23.ffn_gate.weight,               torch.float16 --> F16, shape = {2560, 9216}
INFO:hf-to-gguf:blk.23.ffn_up.weight,                 torch.float16 --> F16, shape = {2560, 9216}
INFO:hf-to-gguf:blk.23.post_attention_norm.weight,    torch.float16 --> F32, shape = {2560}
INFO:hf-to-gguf:blk.23.attn_k_norm.weight,            torch.float16 --> F32, shape = {256}
INFO:hf-to-gguf:blk.23.attn_k.weight,                 torch.float16 --> F16, shape = {2560, 1024}
INFO:hf-to-gguf:blk.23.attn_output.weight,            torch.float16 --> F16, shape = {4096, 2560}
INFO:hf-to-gguf:blk.23.attn_q_norm.weight,            torch.float16 --> F32, shape = {256}
INFO:hf-to-gguf:blk.23.attn_q.weight,                 torch.float16 --> F16, shape = {2560, 8192}
INFO:hf-to-gguf:blk.23.attn_v.weight,                 torch.float16 --> F16, shape = {2560, 1024}
INFO:hf-to-gguf:blk.24.attn_norm.weight,              torch.float16 --> F32, shape = {2560}
INFO:hf-to-gguf:blk.24.ssm_a,                         torch.float16 --> F32, shape = {32}
INFO:hf-to-gguf:blk.24.ssm_conv1d.weight,             torch.float16 --> F32, shape = {4, 8192}
INFO:hf-to-gguf:blk.24.ssm_dt.bias,                   torch.float16 --> F32, shape = {32}
INFO:hf-to-gguf:blk.24.ssm_alpha.weight,              torch.float16 --> F16, shape = {2560, 32}
INFO:hf-to-gguf:blk.24.ssm_beta.weight,               torch.float16 --> F16, shape = {2560, 32}
INFO:hf-to-gguf:blk.24.attn_qkv.weight,               torch.float16 --> F16, shape = {2560, 8192}
INFO:hf-to-gguf:blk.24.attn_gate.weight,              torch.float16 --> F16, shape = {2560, 4096}
INFO:hf-to-gguf:blk.24.ssm_norm.weight,               torch.float16 --> F32, shape = {128}
INFO:hf-to-gguf:blk.24.ssm_out.weight,                torch.float16 --> F16, shape = {4096, 2560}
INFO:hf-to-gguf:blk.24.ffn_down.weight,               torch.float16 --> F16, shape = {9216, 2560}
INFO:hf-to-gguf:blk.24.ffn_gate.weight,               torch.float16 --> F16, shape = {2560, 9216}
INFO:hf-to-gguf:blk.24.ffn_up.weight,                 torch.float16 --> F16, shape = {2560, 9216}
INFO:hf-to-gguf:blk.24.post_attention_norm.weight,    torch.float16 --> F32, shape = {2560}
INFO:hf-to-gguf:blk.25.attn_norm.weight,              torch.float16 --> F32, shape = {2560}
INFO:hf-to-gguf:blk.25.ssm_a,                         torch.float16 --> F32, shape = {32}
INFO:hf-to-gguf:blk.25.ssm_conv1d.weight,             torch.float16 --> F32, shape = {4, 8192}
INFO:hf-to-gguf:blk.25.ssm_dt.bias,                   torch.float16 --> F32, shape = {32}
INFO:hf-to-gguf:blk.25.ssm_alpha.weight,              torch.float16 --> F16, shape = {2560, 32}
INFO:hf-to-gguf:blk.25.ssm_beta.weight,               torch.float16 --> F16, shape = {2560, 32}
INFO:hf-to-gguf:blk.25.attn_qkv.weight,               torch.float16 --> F16, shape = {2560, 8192}
INFO:hf-to-gguf:blk.25.attn_gate.weight,              torch.float16 --> F16, shape = {2560, 4096}
INFO:hf-to-gguf:blk.25.ssm_norm.weight,               torch.float16 --> F32, shape = {128}
INFO:hf-to-gguf:blk.25.ssm_out.weight,                torch.float16 --> F16, shape = {4096, 2560}
INFO:hf-to-gguf:blk.25.ffn_down.weight,               torch.float16 --> F16, shape = {9216, 2560}
INFO:hf-to-gguf:blk.25.ffn_gate.weight,               torch.float16 --> F16, shape = {2560, 9216}
INFO:hf-to-gguf:blk.25.ffn_up.weight,                 torch.float16 --> F16, shape = {2560, 9216}
INFO:hf-to-gguf:blk.25.post_attention_norm.weight,    torch.float16 --> F32, shape = {2560}
INFO:hf-to-gguf:blk.26.attn_norm.weight,              torch.float16 --> F32, shape = {2560}
INFO:hf-to-gguf:blk.26.ssm_a,                         torch.float16 --> F32, shape = {32}
INFO:hf-to-gguf:blk.26.ssm_conv1d.weight,             torch.float16 --> F32, shape = {4, 8192}
INFO:hf-to-gguf:blk.26.ssm_dt.bias,                   torch.float16 --> F32, shape = {32}
INFO:hf-to-gguf:blk.26.ssm_alpha.weight,              torch.float16 --> F16, shape = {2560, 32}
INFO:hf-to-gguf:blk.26.ssm_beta.weight,               torch.float16 --> F16, shape = {2560, 32}
INFO:hf-to-gguf:blk.26.attn_qkv.weight,               torch.float16 --> F16, shape = {2560, 8192}
INFO:hf-to-gguf:blk.26.attn_gate.weight,              torch.float16 --> F16, shape = {2560, 4096}
INFO:hf-to-gguf:blk.26.ssm_norm.weight,               torch.float16 --> F32, shape = {128}
INFO:hf-to-gguf:blk.26.ssm_out.weight,                torch.float16 --> F16, shape = {4096, 2560}
INFO:hf-to-gguf:blk.26.ffn_down.weight,               torch.float16 --> F16, shape = {9216, 2560}
INFO:hf-to-gguf:blk.26.ffn_gate.weight,               torch.float16 --> F16, shape = {2560, 9216}
INFO:hf-to-gguf:blk.26.ffn_up.weight,                 torch.float16 --> F16, shape = {2560, 9216}
INFO:hf-to-gguf:blk.26.post_attention_norm.weight,    torch.float16 --> F32, shape = {2560}
INFO:hf-to-gguf:blk.27.attn_norm.weight,              torch.float16 --> F32, shape = {2560}
INFO:hf-to-gguf:blk.27.ffn_down.weight,               torch.float16 --> F16, shape = {9216, 2560}
INFO:hf-to-gguf:blk.27.ffn_gate.weight,               torch.float16 --> F16, shape = {2560, 9216}
INFO:hf-to-gguf:blk.27.ffn_up.weight,                 torch.float16 --> F16, shape = {2560, 9216}
INFO:hf-to-gguf:blk.27.post_attention_norm.weight,    torch.float16 --> F32, shape = {2560}
INFO:hf-to-gguf:blk.27.attn_k_norm.weight,            torch.float16 --> F32, shape = {256}
INFO:hf-to-gguf:blk.27.attn_k.weight,                 torch.float16 --> F16, shape = {2560, 1024}
INFO:hf-to-gguf:blk.27.attn_output.weight,            torch.float16 --> F16, shape = {4096, 2560}
INFO:hf-to-gguf:blk.27.attn_q_norm.weight,            torch.float16 --> F32, shape = {256}
INFO:hf-to-gguf:blk.27.attn_q.weight,                 torch.float16 --> F16, shape = {2560, 8192}
INFO:hf-to-gguf:blk.27.attn_v.weight,                 torch.float16 --> F16, shape = {2560, 1024}
INFO:hf-to-gguf:blk.28.attn_norm.weight,              torch.float16 --> F32, shape = {2560}
INFO:hf-to-gguf:blk.28.ssm_a,                         torch.float16 --> F32, shape = {32}
INFO:hf-to-gguf:blk.28.ssm_conv1d.weight,             torch.float16 --> F32, shape = {4, 8192}
INFO:hf-to-gguf:blk.28.ssm_dt.bias,                   torch.float16 --> F32, shape = {32}
INFO:hf-to-gguf:blk.28.ssm_alpha.weight,              torch.float16 --> F16, shape = {2560, 32}
INFO:hf-to-gguf:blk.28.ssm_beta.weight,               torch.float16 --> F16, shape = {2560, 32}
INFO:hf-to-gguf:blk.28.attn_qkv.weight,               torch.float16 --> F16, shape = {2560, 8192}
INFO:hf-to-gguf:blk.28.attn_gate.weight,              torch.float16 --> F16, shape = {2560, 4096}
INFO:hf-to-gguf:blk.28.ssm_norm.weight,               torch.float16 --> F32, shape = {128}
INFO:hf-to-gguf:blk.28.ssm_out.weight,                torch.float16 --> F16, shape = {4096, 2560}
INFO:hf-to-gguf:blk.28.ffn_down.weight,               torch.float16 --> F16, shape = {9216, 2560}
INFO:hf-to-gguf:blk.28.ffn_gate.weight,               torch.float16 --> F16, shape = {2560, 9216}
INFO:hf-to-gguf:blk.28.ffn_up.weight,                 torch.float16 --> F16, shape = {2560, 9216}
INFO:hf-to-gguf:blk.28.post_attention_norm.weight,    torch.float16 --> F32, shape = {2560}
INFO:hf-to-gguf:blk.29.attn_norm.weight,              torch.float16 --> F32, shape = {2560}
INFO:hf-to-gguf:blk.29.ssm_a,                         torch.float16 --> F32, shape = {32}
INFO:hf-to-gguf:blk.29.ssm_conv1d.weight,             torch.float16 --> F32, shape = {4, 8192}
INFO:hf-to-gguf:blk.29.ssm_dt.bias,                   torch.float16 --> F32, shape = {32}
INFO:hf-to-gguf:blk.29.ssm_alpha.weight,              torch.float16 --> F16, shape = {2560, 32}
INFO:hf-to-gguf:blk.29.ssm_beta.weight,               torch.float16 --> F16, shape = {2560, 32}
INFO:hf-to-gguf:blk.29.attn_qkv.weight,               torch.float16 --> F16, shape = {2560, 8192}
INFO:hf-to-gguf:blk.29.attn_gate.weight,              torch.float16 --> F16, shape = {2560, 4096}
INFO:hf-to-gguf:blk.29.ssm_norm.weight,               torch.float16 --> F32, shape = {128}
INFO:hf-to-gguf:blk.29.ssm_out.weight,                torch.float16 --> F16, shape = {4096, 2560}
INFO:hf-to-gguf:blk.29.ffn_down.weight,               torch.float16 --> F16, shape = {9216, 2560}
INFO:hf-to-gguf:blk.29.ffn_gate.weight,               torch.float16 --> F16, shape = {2560, 9216}
INFO:hf-to-gguf:blk.29.ffn_up.weight,                 torch.float16 --> F16, shape = {2560, 9216}
INFO:hf-to-gguf:blk.29.post_attention_norm.weight,    torch.float16 --> F32, shape = {2560}
INFO:hf-to-gguf:blk.3.attn_norm.weight,               torch.float16 --> F32, shape = {2560}
INFO:hf-to-gguf:blk.3.ffn_down.weight,                torch.float16 --> F16, shape = {9216, 2560}
INFO:hf-to-gguf:blk.3.ffn_gate.weight,                torch.float16 --> F16, shape = {2560, 9216}
INFO:hf-to-gguf:blk.3.ffn_up.weight,                  torch.float16 --> F16, shape = {2560, 9216}
INFO:hf-to-gguf:blk.3.post_attention_norm.weight,     torch.float16 --> F32, shape = {2560}
INFO:hf-to-gguf:blk.3.attn_k_norm.weight,             torch.float16 --> F32, shape = {256}
INFO:hf-to-gguf:blk.3.attn_k.weight,                  torch.float16 --> F16, shape = {2560, 1024}
INFO:hf-to-gguf:blk.3.attn_output.weight,             torch.float16 --> F16, shape = {4096, 2560}
INFO:hf-to-gguf:blk.3.attn_q_norm.weight,             torch.float16 --> F32, shape = {256}
INFO:hf-to-gguf:blk.3.attn_q.weight,                  torch.float16 --> F16, shape = {2560, 8192}
INFO:hf-to-gguf:blk.3.attn_v.weight,                  torch.float16 --> F16, shape = {2560, 1024}
INFO:hf-to-gguf:blk.30.attn_norm.weight,              torch.float16 --> F32, shape = {2560}
INFO:hf-to-gguf:blk.30.ssm_a,                         torch.float16 --> F32, shape = {32}
INFO:hf-to-gguf:blk.30.ssm_conv1d.weight,             torch.float16 --> F32, shape = {4, 8192}
INFO:hf-to-gguf:blk.30.ssm_dt.bias,                   torch.float16 --> F32, shape = {32}
INFO:hf-to-gguf:blk.30.ssm_alpha.weight,              torch.float16 --> F16, shape = {2560, 32}
INFO:hf-to-gguf:blk.30.ssm_beta.weight,               torch.float16 --> F16, shape = {2560, 32}
INFO:hf-to-gguf:blk.30.attn_qkv.weight,               torch.float16 --> F16, shape = {2560, 8192}
INFO:hf-to-gguf:blk.30.attn_gate.weight,              torch.float16 --> F16, shape = {2560, 4096}
INFO:hf-to-gguf:blk.30.ssm_norm.weight,               torch.float16 --> F32, shape = {128}
INFO:hf-to-gguf:blk.30.ssm_out.weight,                torch.float16 --> F16, shape = {4096, 2560}
INFO:hf-to-gguf:blk.30.ffn_down.weight,               torch.float16 --> F16, shape = {9216, 2560}
INFO:hf-to-gguf:blk.30.ffn_gate.weight,               torch.float16 --> F16, shape = {2560, 9216}
INFO:hf-to-gguf:blk.30.ffn_up.weight,                 torch.float16 --> F16, shape = {2560, 9216}
INFO:hf-to-gguf:blk.30.post_attention_norm.weight,    torch.float16 --> F32, shape = {2560}
INFO:hf-to-gguf:blk.31.attn_norm.weight,              torch.float16 --> F32, shape = {2560}
INFO:hf-to-gguf:blk.31.ffn_down.weight,               torch.float16 --> F16, shape = {9216, 2560}
INFO:hf-to-gguf:blk.31.ffn_gate.weight,               torch.float16 --> F16, shape = {2560, 9216}
INFO:hf-to-gguf:blk.31.ffn_up.weight,                 torch.float16 --> F16, shape = {2560, 9216}
INFO:hf-to-gguf:blk.31.post_attention_norm.weight,    torch.float16 --> F32, shape = {2560}
INFO:hf-to-gguf:blk.31.attn_k_norm.weight,            torch.float16 --> F32, shape = {256}
INFO:hf-to-gguf:blk.31.attn_k.weight,                 torch.float16 --> F16, shape = {2560, 1024}
INFO:hf-to-gguf:blk.31.attn_output.weight,            torch.float16 --> F16, shape = {4096, 2560}
INFO:hf-to-gguf:blk.31.attn_q_norm.weight,            torch.float16 --> F32, shape = {256}
INFO:hf-to-gguf:blk.31.attn_q.weight,                 torch.float16 --> F16, shape = {2560, 8192}
INFO:hf-to-gguf:blk.31.attn_v.weight,                 torch.float16 --> F16, shape = {2560, 1024}
INFO:hf-to-gguf:blk.4.attn_norm.weight,               torch.float16 --> F32, shape = {2560}
INFO:hf-to-gguf:blk.4.ssm_a,                          torch.float16 --> F32, shape = {32}
INFO:hf-to-gguf:blk.4.ssm_conv1d.weight,              torch.float16 --> F32, shape = {4, 8192}
INFO:hf-to-gguf:blk.4.ssm_dt.bias,                    torch.float16 --> F32, shape = {32}
INFO:hf-to-gguf:blk.4.ssm_alpha.weight,               torch.float16 --> F16, shape = {2560, 32}
INFO:hf-to-gguf:blk.4.ssm_beta.weight,                torch.float16 --> F16, shape = {2560, 32}
INFO:hf-to-gguf:blk.4.attn_qkv.weight,                torch.float16 --> F16, shape = {2560, 8192}
INFO:hf-to-gguf:blk.4.attn_gate.weight,               torch.float16 --> F16, shape = {2560, 4096}
INFO:hf-to-gguf:blk.4.ssm_norm.weight,                torch.float16 --> F32, shape = {128}
INFO:hf-to-gguf:blk.4.ssm_out.weight,                 torch.float16 --> F16, shape = {4096, 2560}
INFO:hf-to-gguf:blk.4.ffn_down.weight,                torch.float16 --> F16, shape = {9216, 2560}
INFO:hf-to-gguf:blk.4.ffn_gate.weight,                torch.float16 --> F16, shape = {2560, 9216}
INFO:hf-to-gguf:blk.4.ffn_up.weight,                  torch.float16 --> F16, shape = {2560, 9216}
INFO:hf-to-gguf:blk.4.post_attention_norm.weight,     torch.float16 --> F32, shape = {2560}
INFO:hf-to-gguf:blk.5.attn_norm.weight,               torch.float16 --> F32, shape = {2560}
INFO:hf-to-gguf:blk.5.ssm_a,                          torch.float16 --> F32, shape = {32}
INFO:hf-to-gguf:blk.5.ssm_conv1d.weight,              torch.float16 --> F32, shape = {4, 8192}
INFO:hf-to-gguf:blk.5.ssm_dt.bias,                    torch.float16 --> F32, shape = {32}
INFO:hf-to-gguf:blk.5.ssm_alpha.weight,               torch.float16 --> F16, shape = {2560, 32}
INFO:hf-to-gguf:blk.5.ssm_beta.weight,                torch.float16 --> F16, shape = {2560, 32}
INFO:hf-to-gguf:blk.5.attn_qkv.weight,                torch.float16 --> F16, shape = {2560, 8192}
INFO:hf-to-gguf:blk.5.attn_gate.weight,               torch.float16 --> F16, shape = {2560, 4096}
INFO:hf-to-gguf:blk.5.ssm_norm.weight,                torch.float16 --> F32, shape = {128}
INFO:hf-to-gguf:blk.5.ssm_out.weight,                 torch.float16 --> F16, shape = {4096, 2560}
INFO:hf-to-gguf:blk.5.ffn_down.weight,                torch.float16 --> F16, shape = {9216, 2560}
INFO:hf-to-gguf:blk.5.ffn_gate.weight,                torch.float16 --> F16, shape = {2560, 9216}
INFO:hf-to-gguf:blk.5.ffn_up.weight,                  torch.float16 --> F16, shape = {2560, 9216}
INFO:hf-to-gguf:blk.5.post_attention_norm.weight,     torch.float16 --> F32, shape = {2560}
INFO:hf-to-gguf:blk.6.attn_norm.weight,               torch.float16 --> F32, shape = {2560}
INFO:hf-to-gguf:blk.6.ssm_a,                          torch.float16 --> F32, shape = {32}
INFO:hf-to-gguf:blk.6.ssm_conv1d.weight,              torch.float16 --> F32, shape = {4, 8192}
INFO:hf-to-gguf:blk.6.ssm_dt.bias,                    torch.float16 --> F32, shape = {32}
INFO:hf-to-gguf:blk.6.ssm_alpha.weight,               torch.float16 --> F16, shape = {2560, 32}
INFO:hf-to-gguf:blk.6.ssm_beta.weight,                torch.float16 --> F16, shape = {2560, 32}
INFO:hf-to-gguf:blk.6.attn_qkv.weight,                torch.float16 --> F16, shape = {2560, 8192}
INFO:hf-to-gguf:blk.6.attn_gate.weight,               torch.float16 --> F16, shape = {2560, 4096}
INFO:hf-to-gguf:blk.6.ssm_norm.weight,                torch.float16 --> F32, shape = {128}
INFO:hf-to-gguf:blk.6.ssm_out.weight,                 torch.float16 --> F16, shape = {4096, 2560}
INFO:hf-to-gguf:blk.6.ffn_down.weight,                torch.float16 --> F16, shape = {9216, 2560}
INFO:hf-to-gguf:blk.6.ffn_gate.weight,                torch.float16 --> F16, shape = {2560, 9216}
INFO:hf-to-gguf:blk.6.ffn_up.weight,                  torch.float16 --> F16, shape = {2560, 9216}
INFO:hf-to-gguf:blk.6.post_attention_norm.weight,     torch.float16 --> F32, shape = {2560}
INFO:hf-to-gguf:blk.7.attn_norm.weight,               torch.float16 --> F32, shape = {2560}
INFO:hf-to-gguf:blk.7.ffn_down.weight,                torch.float16 --> F16, shape = {9216, 2560}
INFO:hf-to-gguf:blk.7.ffn_gate.weight,                torch.float16 --> F16, shape = {2560, 9216}
INFO:hf-to-gguf:blk.7.ffn_up.weight,                  torch.float16 --> F16, shape = {2560, 9216}
INFO:hf-to-gguf:blk.7.post_attention_norm.weight,     torch.float16 --> F32, shape = {2560}
INFO:hf-to-gguf:blk.7.attn_k_norm.weight,             torch.float16 --> F32, shape = {256}
INFO:hf-to-gguf:blk.7.attn_k.weight,                  torch.float16 --> F16, shape = {2560, 1024}
INFO:hf-to-gguf:blk.7.attn_output.weight,             torch.float16 --> F16, shape = {4096, 2560}
INFO:hf-to-gguf:blk.7.attn_q_norm.weight,             torch.float16 --> F32, shape = {256}
INFO:hf-to-gguf:blk.7.attn_q.weight,                  torch.float16 --> F16, shape = {2560, 8192}
INFO:hf-to-gguf:blk.7.attn_v.weight,                  torch.float16 --> F16, shape = {2560, 1024}
INFO:hf-to-gguf:blk.8.attn_norm.weight,               torch.float16 --> F32, shape = {2560}
INFO:hf-to-gguf:blk.8.ssm_a,                          torch.float16 --> F32, shape = {32}
INFO:hf-to-gguf:blk.8.ssm_conv1d.weight,              torch.float16 --> F32, shape = {4, 8192}
INFO:hf-to-gguf:blk.8.ssm_dt.bias,                    torch.float16 --> F32, shape = {32}
INFO:hf-to-gguf:blk.8.ssm_alpha.weight,               torch.float16 --> F16, shape = {2560, 32}
INFO:hf-to-gguf:blk.8.ssm_beta.weight,                torch.float16 --> F16, shape = {2560, 32}
INFO:hf-to-gguf:blk.8.attn_qkv.weight,                torch.float16 --> F16, shape = {2560, 8192}
INFO:hf-to-gguf:blk.8.attn_gate.weight,               torch.float16 --> F16, shape = {2560, 4096}
INFO:hf-to-gguf:blk.8.ssm_norm.weight,                torch.float16 --> F32, shape = {128}
INFO:hf-to-gguf:blk.8.ssm_out.weight,                 torch.float16 --> F16, shape = {4096, 2560}
INFO:hf-to-gguf:blk.8.ffn_down.weight,                torch.float16 --> F16, shape = {9216, 2560}
INFO:hf-to-gguf:blk.8.ffn_gate.weight,                torch.float16 --> F16, shape = {2560, 9216}
INFO:hf-to-gguf:blk.8.ffn_up.weight,                  torch.float16 --> F16, shape = {2560, 9216}
INFO:hf-to-gguf:blk.8.post_attention_norm.weight,     torch.float16 --> F32, shape = {2560}
INFO:hf-to-gguf:blk.9.attn_norm.weight,               torch.float16 --> F32, shape = {2560}
INFO:hf-to-gguf:blk.9.ssm_a,                          torch.float16 --> F32, shape = {32}
INFO:hf-to-gguf:blk.9.ssm_conv1d.weight,              torch.float16 --> F32, shape = {4, 8192}
INFO:hf-to-gguf:blk.9.ssm_dt.bias,                    torch.float16 --> F32, shape = {32}
INFO:hf-to-gguf:blk.9.ssm_alpha.weight,               torch.float16 --> F16, shape = {2560, 32}
INFO:hf-to-gguf:blk.9.ssm_beta.weight,                torch.float16 --> F16, shape = {2560, 32}
INFO:hf-to-gguf:blk.9.attn_qkv.weight,                torch.float16 --> F16, shape = {2560, 8192}
INFO:hf-to-gguf:blk.9.attn_gate.weight,               torch.float16 --> F16, shape = {2560, 4096}
INFO:hf-to-gguf:blk.9.ssm_norm.weight,                torch.float16 --> F32, shape = {128}
INFO:hf-to-gguf:blk.9.ssm_out.weight,                 torch.float16 --> F16, shape = {4096, 2560}
INFO:hf-to-gguf:blk.9.ffn_down.weight,                torch.float16 --> F16, shape = {9216, 2560}
INFO:hf-to-gguf:blk.9.ffn_gate.weight,                torch.float16 --> F16, shape = {2560, 9216}
INFO:hf-to-gguf:blk.9.ffn_up.weight,                  torch.float16 --> F16, shape = {2560, 9216}
INFO:hf-to-gguf:blk.9.post_attention_norm.weight,     torch.float16 --> F32, shape = {2560}
INFO:hf-to-gguf:output_norm.weight,                   torch.float16 --> F32, shape = {2560}
INFO:hf-to-gguf:Set meta model
INFO:hf-to-gguf:Set model parameters
INFO:hf-to-gguf:gguf: context length = 262144
INFO:hf-to-gguf:gguf: embedding length = 2560
INFO:hf-to-gguf:gguf: feed forward length = 9216
INFO:hf-to-gguf:gguf: head count = 16
INFO:hf-to-gguf:gguf: key-value head count = 4
WARNING:hf-to-gguf:Unknown RoPE type: default
INFO:hf-to-gguf:gguf: rope scaling type = NONE
INFO:hf-to-gguf:gguf: mrope sections: [11, 11, 10, 0]
INFO:hf-to-gguf:gguf: rope theta = 10000000
INFO:hf-to-gguf:gguf: rms norm epsilon = 1e-06
INFO:hf-to-gguf:gguf: file type = 1
INFO:hf-to-gguf:Set model quantization version
INFO:hf-to-gguf:Set model tokenizer
INFO:gguf.vocab:Adding 247587 merge(s).
INFO:gguf.vocab:Setting special token type eos to 248046
INFO:gguf.vocab:Setting special token type pad to 248044
INFO:gguf.vocab:Setting add_bos_token to False
INFO:gguf.vocab:Setting add_eos_token to False
INFO:gguf.vocab:Setting chat_template to {%- set image_count = namespace(value=0) %}
{%- set video_count = namespace(value=0) %}
{%- macro render_content(content, do_vision_count, is_system_content=false) %}
    {%- if content is string %}
        {{- content }}
    {%- elif content is iterable and content is not mapping %}
        {%- for item in content %}
            {%- if 'image' in item or 'image_url' in item or item.type == 'image' %}
                {%- if is_system_content %}
                    {{- raise_exception('System message cannot contain images.') }}
                {%- endif %}
                {%- if do_vision_count %}
                    {%- set image_count.value = image_count.value + 1 %}
                {%- endif %}
                {%- if add_vision_id %}
                    {{- 'Picture ' ~ image_count.value ~ ': ' }}
                {%- endif %}
                {{- '<|vision_start|><|image_pad|><|vision_end|>' }}
            {%- elif 'video' in item or item.type == 'video' %}
                {%- if is_system_content %}
                    {{- raise_exception('System message cannot contain videos.') }}
                {%- endif %}
                {%- if do_vision_count %}
                    {%- set video_count.value = video_count.value + 1 %}
                {%- endif %}
                {%- if add_vision_id %}
                    {{- 'Video ' ~ video_count.value ~ ': ' }}
                {%- endif %}
                {{- '<|vision_start|><|video_pad|><|vision_end|>' }}
            {%- elif 'text' in item %}
                {{- item.text }}
            {%- else %}
                {{- raise_exception('Unexpected item type in content.') }}
            {%- endif %}
        {%- endfor %}
    {%- elif content is none or content is undefined %}
        {{- '' }}
    {%- else %}
        {{- raise_exception('Unexpected content type.') }}
    {%- endif %}
{%- endmacro %}
{%- if not messages %}
    {{- raise_exception('No messages provided.') }}
{%- endif %}
{%- if tools and tools is iterable and tools is not mapping %}
    {{- '<|im_start|>system\n' }}
    {{- "# Tools\n\nYou have access to the following functions:\n\n<tools>" }}
    {%- for tool in tools %}
        {{- "\n" }}
        {{- tool | tojson }}
    {%- endfor %}
    {{- "\n</tools>" }}
    {{- '\n\nIf you choose to call a function ONLY reply in the following format with NO suffix:\n\n<tool_call>\n<function=example_function_name>\n<parameter=example_parameter_1>\nvalue_1\n</parameter>\n<parameter=example_parameter_2>\nThis is the value for the second parameter\nthat can span\nmultiple lines\n</parameter>\n</function>\n</tool_call>\n\n<IMPORTANT>\nReminder:\n- Function calls MUST follow the specified format: an inner <function=...></function> block must be nested within <tool_call></tool_call> XML tags\n- Required parameters MUST be specified\n- You may provide optional reasoning for your function call in natural language BEFORE the function call, but NOT after\n- If there is no function call available, answer the question like normal with your current knowledge and do not tell the user about function calls\n</IMPORTANT>' }}
    {%- if messages[0].role == 'system' %}
        {%- set content = render_content(messages[0].content, false, true)|trim %}
        {%- if content %}
            {{- '\n\n' + content }}
        {%- endif %}
    {%- endif %}
    {{- '<|im_end|>\n' }}
{%- else %}
    {%- if messages[0].role == 'system' %}
        {%- set content = render_content(messages[0].content, false, true)|trim %}
        {{- '<|im_start|>system\n' + content + '<|im_end|>\n' }}
    {%- endif %}
{%- endif %}
{%- set ns = namespace(multi_step_tool=true, last_query_index=messages|length - 1) %}
{%- for message in messages[::-1] %}
    {%- set index = (messages|length - 1) - loop.index0 %}
    {%- if ns.multi_step_tool and message.role == "user" %}
        {%- set content = render_content(message.content, false)|trim %}
        {%- if not(content.startswith('<tool_response>') and content.endswith('</tool_response>')) %}
            {%- set ns.multi_step_tool = false %}
            {%- set ns.last_query_index = index %}
        {%- endif %}
    {%- endif %}
{%- endfor %}
{%- if ns.multi_step_tool %}
    {{- raise_exception('No user query found in messages.') }}
{%- endif %}
{%- for message in messages %}
    {%- set content = render_content(message.content, true)|trim %}
    {%- if message.role == "system" %}
        {%- if not loop.first %}
            {{- raise_exception('System message must be at the beginning.') }}
        {%- endif %}
    {%- elif message.role == "user" %}
        {{- '<|im_start|>' + message.role + '\n' + content + '<|im_end|>' + '\n' }}
    {%- elif message.role == "assistant" %}
        {%- set reasoning_content = '' %}
        {%- if message.reasoning_content is string %}
            {%- set reasoning_content = message.reasoning_content %}
        {%- else %}
            {%- if '</think>' in content %}
                {%- set reasoning_content = content.split('</think>')[0].rstrip('\n').split('<think>')[-1].lstrip('\n') %}
                {%- set content = content.split('</think>')[-1].lstrip('\n') %}
            {%- endif %}
        {%- endif %}
        {%- set reasoning_content = reasoning_content|trim %}
        {%- if loop.index0 > ns.last_query_index %}
            {{- '<|im_start|>' + message.role + '\n<think>\n' + reasoning_content + '\n</think>\n\n' + content }}
        {%- else %}
            {{- '<|im_start|>' + message.role + '\n' + content }}
        {%- endif %}
        {%- if message.tool_calls and message.tool_calls is iterable and message.tool_calls is not mapping %}
            {%- for tool_call in message.tool_calls %}
                {%- if tool_call.function is defined %}
                    {%- set tool_call = tool_call.function %}
                {%- endif %}
                {%- if loop.first %}
                    {%- if content|trim %}
                        {{- '\n\n<tool_call>\n<function=' + tool_call.name + '>\n' }}
                    {%- else %}
                        {{- '<tool_call>\n<function=' + tool_call.name + '>\n' }}
                    {%- endif %}
                {%- else %}
                    {{- '\n<tool_call>\n<function=' + tool_call.name + '>\n' }}
                {%- endif %}
                {%- if tool_call.arguments is defined %}
                    {%- for args_name, args_value in tool_call.arguments|items %}
                        {{- '<parameter=' + args_name + '>\n' }}
                        {%- set args_value = args_value | tojson | safe if args_value is mapping or (args_value is sequence and args_value is not string) else args_value | string %}
                        {{- args_value }}
                        {{- '\n</parameter>\n' }}
                    {%- endfor %}
                {%- endif %}
                {{- '</function>\n</tool_call>' }}
            {%- endfor %}
        {%- endif %}
        {{- '<|im_end|>\n' }}
    {%- elif message.role == "tool" %}
        {%- if loop.previtem and loop.previtem.role != "tool" %}
            {{- '<|im_start|>user' }}
        {%- endif %}
        {{- '\n<tool_response>\n' }}
        {{- content }}
        {{- '\n</tool_response>' }}
        {%- if not loop.last and loop.nextitem.role != "tool" %}
            {{- '<|im_end|>\n' }}
        {%- elif loop.last %}
            {{- '<|im_end|>\n' }}
        {%- endif %}
    {%- else %}
        {{- raise_exception('Unexpected message role.') }}
    {%- endif %}
{%- endfor %}
{%- if add_generation_prompt %}
    {{- '<|im_start|>assistant\n' }}
    {%- if enable_thinking is defined and enable_thinking is false %}
        {{- '<think>\n\n</think>\n\n' }}
    {%- else %}
        {{- '<think>\n' }}
    {%- endif %}
{%- endif %}
INFO:gguf.gguf_writer:Writing the following files:
INFO:gguf.gguf_writer:artifacts/gguf/model-f16.gguf: n_tensors = 426, total_size = 8.4G

Writing:   0%|          | 0.00/8.41G [00:00<?, ?byte/s]
Writing:  15%|█▌        | 1.27G/8.41G [00:04<00:24, 292Mbyte/s]
Writing:  16%|█▌        | 1.31G/8.41G [00:04<00:25, 284Mbyte/s]
Writing:  16%|█▌        | 1.36G/8.41G [00:04<00:25, 277Mbyte/s]
Writing:  17%|█▋        | 1.40G/8.41G [00:04<00:24, 281Mbyte/s]
Writing:  17%|█▋        | 1.45G/8.41G [00:05<00:24, 285Mbyte/s]
Writing:  18%|█▊        | 1.50G/8.41G [00:05<00:24, 285Mbyte/s]
Writing:  18%|█▊        | 1.54G/8.41G [00:05<00:28, 244Mbyte/s]
Writing:  19%|█▉        | 1.58G/8.41G [00:05<00:29, 235Mbyte/s]
Writing:  19%|█▉        | 1.63G/8.41G [00:05<00:27, 245Mbyte/s]
Writing:  20%|█▉        | 1.68G/8.41G [00:06<00:26, 253Mbyte/s]
Writing:  20%|██        | 1.72G/8.41G [00:06<00:25, 265Mbyte/s]
Writing:  21%|██        | 1.77G/8.41G [00:06<00:28, 237Mbyte/s]
Writing:  21%|██▏       | 1.81G/8.41G [00:06<00:33, 199Mbyte/s]
Writing:  22%|██▏       | 1.85G/8.41G [00:06<00:29, 224Mbyte/s]
Writing:  23%|██▎       | 1.90G/8.41G [00:07<00:26, 250Mbyte/s]
Writing:  23%|██▎       | 1.95G/8.41G [00:07<00:24, 267Mbyte/s]
Writing:  24%|██▎       | 2.00G/8.41G [00:07<00:21, 295Mbyte/s]
Writing:  24%|██▍       | 2.04G/8.41G [00:07<00:20, 313Mbyte/s]
Writing:  25%|██▍       | 2.09G/8.41G [00:07<00:20, 305Mbyte/s]
Writing:  26%|██▌       | 2.16G/8.41G [00:07<00:19, 326Mbyte/s]
Writing:  28%|██▊       | 2.34G/8.41G [00:07<00:09, 622Mbyte/s]
Writing:  30%|██▉       | 2.52G/8.41G [00:08<00:06, 874Mbyte/s]
Writing:  32%|███▏      | 2.70G/8.41G [00:08<00:05, 1.07Gbyte/s]
Writing:  34%|███▍      | 2.89G/8.41G [00:08<00:04, 1.24Gbyte/s]
Writing:  36%|███▋      | 3.06G/8.41G [00:08<00:03, 1.36Gbyte/s]
Writing:  38%|███▊      | 3.24G/8.41G [00:08<00:03, 1.42Gbyte/s]
Writing:  41%|████      | 3.41G/8.41G [00:08<00:03, 1.47Gbyte/s]
Writing:  42%|████▏     | 3.57G/8.41G [00:08<00:03, 1.49Gbyte/s]
Writing:  44%|████▍     | 3.73G/8.41G [00:08<00:03, 1.39Gbyte/s]
Writing:  46%|████▌     | 3.88G/8.41G [00:08<00:03, 1.41Gbyte/s]
Writing:  47%|████▋     | 3.95G/8.41G [00:19<00:03, 1.41Gbyte/s]
Writing:  47%|████▋     | 3.99G/8.41G [00:25<02:39, 27.8Mbyte/s]
Writing:  48%|████▊     | 4.01G/8.41G [00:26<02:30, 29.3Mbyte/s]
Writing:  49%|████▉     | 4.13G/8.41G [00:26<01:44, 40.9Mbyte/s]
Writing:  50%|█████     | 4.22G/8.41G [00:26<01:18, 53.5Mbyte/s]
Writing:  52%|█████▏    | 4.40G/8.41G [00:26<00:43, 92.0Mbyte/s]
Writing:  54%|█████▍    | 4.58G/8.41G [00:26<00:26, 143Mbyte/s] 
Writing:  57%|█████▋    | 4.76G/8.41G [00:26<00:17, 210Mbyte/s]
Writing:  59%|█████▉    | 4.95G/8.41G [00:27<00:11, 302Mbyte/s]
Writing:  61%|██████    | 5.11G/8.41G [00:27<00:08, 398Mbyte/s]
Writing:  63%|██████▎   | 5.34G/8.41G [00:27<00:05, 560Mbyte/s]
Writing:  66%|██████▌   | 5.52G/8.41G [00:27<00:04, 709Mbyte/s]
Writing:  68%|██████▊   | 5.70G/8.41G [00:27<00:03, 860Mbyte/s]
Writing:  70%|██████▉   | 5.89G/8.41G [00:27<00:02, 1.02Gbyte/s]
Writing:  72%|███████▏  | 6.09G/8.41G [00:27<00:02, 1.16Gbyte/s]
Writing:  75%|███████▍  | 6.27G/8.41G [00:27<00:01, 1.25Gbyte/s]
Writing:  77%|███████▋  | 6.46G/8.41G [00:27<00:01, 1.35Gbyte/s]
Writing:  79%|███████▉  | 6.63G/8.41G [00:28<00:01, 1.43Gbyte/s]
Writing:  81%|████████  | 6.81G/8.41G [00:28<00:01, 1.48Gbyte/s]
Writing:  83%|████████▎ | 7.00G/8.41G [00:28<00:00, 1.53Gbyte/s]
Writing:  86%|████████▌ | 7.20G/8.41G [00:28<00:00, 1.44Gbyte/s]
Writing:  87%|████████▋ | 7.36G/8.41G [00:28<00:00, 1.39Gbyte/s]
Writing:  89%|████████▉ | 7.52G/8.41G [00:29<00:01, 753Mbyte/s] 
Writing:  91%|█████████ | 7.65G/8.41G [00:29<00:00, 838Mbyte/s]
Writing:  93%|█████████▎| 7.79G/8.41G [00:29<00:00, 941Mbyte/s]
Writing:  95%|█████████▍| 7.96G/8.41G [00:29<00:00, 1.05Gbyte/s]
Writing:  96%|█████████▌| 8.09G/8.41G [00:29<00:00, 605Mbyte/s] 
Writing:  98%|█████████▊| 8.23G/8.41G [00:30<00:00, 476Mbyte/s]
Writing:  99%|█████████▉| 8.32G/8.41G [00:30<00:00, 432Mbyte/s]
Writing: 100%|█████████▉| 8.41G/8.41G [00:30<00:00, 388Mbyte/s]
Writing: 100%|██████████| 8.41G/8.41G [00:30<00:00, 272Mbyte/s]
INFO:hf-to-gguf:Model successfully exported to artifacts/gguf/model-f16.gguf
